Experiment;1;t;x;y;2;t;x;y;3;t;x;y;
;;19.9949;0.00816;0.0085;;120.0026222;0.129010674;0.054653813;;283.7333333;0.128193951;0.035964808;
Stapgrootte;;23.32739;0.00808;0.00864;;123.3351111;0.128798017;0.054794357;;284.8;0.128085466;0.035960155;
100 frames;;26.65988;0.00871;0.00883;;126.6675889;0.129086052;0.054745755;;285.8666667;0.128075894;0.036047612;
;;29.99237;0.0111;0.00836;;130.0000889;0.129464945;0.054802214;;286.9333333;0.128047619;0.036028588;
;;33.32486;0.0112;0.00853;;133.3325556;0.129017153;0.054915699;;288;0.128109175;0.035991583;
;;36.65735;0.0106;0.00877;;136.6650556;0.128946779;0.054756989;;289.0666667;0.128146769;0.03603914;
;;39.98984;0.00534;0.00986;;139.9975444;0.128739382;0.054978664;;290.1333333;0.128040721;0.036048616;
;;43.32233;0.0103;0.0089;;143.3633556;0.128882564;0.054720867;;291.2;0.128135418;0.036071012;
;;46.65482;0.00798;0.00987;;146.6958444;0.12898735;0.054725546;;292.2666667;0.126903105;0.035954432;
;;49.98731;0.00821;0.00996;;150.0283111;0.129725413;0.054921516;;293.3333333;0.127613298;0.035943836;
;;53.3198;0.00793;0.00984;;153.3608111;0.129390026;0.055066829;;294.4;0.127645765;0.03592671;
;;56.65229;0.0132;0.00935;;156.6933;0.129484756;0.055066907;;295.4666667;0.127684256;0.035979548;
;;59.98478;0.0116;0.00946;;160.0257778;0.129382112;0.055078855;;296.5333333;0.127708069;0.03608892;
;;63.31727;0.0138;0.0107;;163.3582889;0.129318873;0.055189582;;297.6;0.127678049;0.036011897;
;;66.64976;0.0113;0.00982;;166.6907444;0.128272993;0.05543147;;298.6666667;0.127519064;0.036004631;
;;69.98225;0.0126;0.0108;;170.0232333;0.13113088;0.055718454;;299.7333333;0.127714869;0.036158917;
;;73.31474;0.0123;0.0108;;173.3557111;0.131126428;0.055742239;;300.8;0.127782988;0.0362546;
;;76.64723;0.0132;0.0111;;176.6882111;0.130972988;0.055733427;;301.8666667;0.127769219;0.036251299;
;;79.97972;0.0074;0.0102;;180.0206889;0.13103359;0.055756232;;302.9333333;0.127607851;0.036188562;
;;83.31221;0.00913;0.0103;;183.3531778;0.130766783;0.055866782;;304;0.127546407;0.036194335;
;;86.6447;0.00982;0.0105;;186.6856667;0.130667026;0.055893125;;305.0666667;0.127604575;0.036226253;
;;89.97719;0.00984;0.0105;;190.0181444;0.128313627;0.055941383;;306.1333333;0.127682883;0.036302706;
;;93.30968;0.00332;0.0122;;193.3506333;0.129088818;0.056149472;;307.2;0.127766014;0.036349949;
;;96.64217;0.01;0.0107;;196.7164333;0.12951106;0.056265896;;308.2666667;0.127699308;0.036321649;
;;99.97466;0.0101;0.0108;;200.0489333;0.129511299;0.056233969;;309.3333333;0.127701145;0.036358066;
;;103.30715;0.0102;0.0108;;203.3814111;0.129438182;0.056333351;;310.4;0.127688559;0.03634745;
;;106.63964;0.00747;0.0117;;206.7138889;0.129490012;0.056319887;;311.4666667;0.127742338;0.036370892;
;;109.97213;0.00744;0.0119;;210.0463778;0.129998679;0.056424117;;312.5333333;0.127819142;0.036496847;
;;113.30462;0.00975;0.0108;;213.3788667;0.130133685;0.056557594;;313.6;0.127879079;0.036499962;
;;116.63711;0.0159;0.0117;;216.7113444;0.129971448;0.0567769;;314.6666667;0.12781533;0.036431899;
;;119.9696;0.0157;0.0124;;220.0439222;0.129986062;0.056835811;;315.7333333;0.127787558;0.036402967;
;;123.30209;0.00685;0.0125;;223.3763444;0.129928951;0.056905321;;316.8;0.127746932;0.036388389;
;;126.63458;0.00867;0.012;;226.7088111;0.129982375;0.05695133;;317.8666667;0.127833903;0.036508303;
;;129.96707;0.00771;0.0124;;230.0413;0.129661203;0.057096908;;318.9333333;0.127811797;0.036488302;
;;133.29956;0.00432;0.0132;;233.3737778;0.129769314;0.057034037;;320;0.127853195;0.036491662;
;;136.63205;0.00433;0.0133;;236.7062778;0.129859031;0.057250794;;321.0666667;0.127739914;0.036454004;
;;139.96454;0.00976;0.0127;;240.0387444;0.130552791;0.05745041;;322.1333333;0.127812356;0.03645892;
;;143.29703;0.0146;0.0138;;243.3713556;0.130366778;0.057542373;;323.2;0.127807218;0.036469411;
;;146.62952;0.0137;0.013;;246.7037333;0.130300819;0.057570795;;324.2666667;0.127865701;0.036530662;
;;149.96201;0.0138;0.0131;;250.0362444;0.13028623;0.057693821;;325.3333333;0.127910236;0.036540426;
;;153.2945;0.0129;0.0138;;253.3686778;0.129346045;0.057713108;;326.4;0.127917499;0.03654517;
;;156.62699;0.0127;0.0138;;256.7011778;0.129604906;0.057875852;;327.4666667;0.127781241;0.036502542;
;;159.95948;0.0128;0.0138;;260.0336556;0.129573184;0.057910454;;328.5333333;0.127748363;0.036515588;
;;163.29197;0.0131;0.014;;263.3661444;0.129646401;0.058019344;;329.6;0.128195124;0.03688376;
;;166.62446;0.0136;0.0143;;266.6986333;0.129796276;0.058156988;;330.6666667;0.127874241;0.03653011;
;;169.95695;0.0126;0.014;;270.0311222;0.129842538;0.057410379;;331.7333333;0.127884485;0.036524527;
;;173.28944;0.0125;0.0142;;273.3636;0.129293248;0.057160999;;332.8;0.127883162;0.036519749;
;;176.62193;0.0128;0.0143;;276.6961222;0.128919849;0.057264695;;333.8666667;0.128265406;0.036697993;
;;179.95442;0.0086;0.014;;280.0286;0.128874716;0.057139715;;334.9333333;0.128470139;0.036692486;
;;183.28691;0.00871;0.0142;;283.3610556;0.128805873;0.057230502;;336;0.128578006;0.036736004;
;;186.6194;0.00754;0.0141;;286.6935444;0.128757809;0.057219792;;337.0666667;0.128710412;0.036829037;
;;189.95189;0.0101;0.0141;;290.0260444;0.130691933;0.057642513;;338.1333333;0.127798206;0.037751661;
;;193.28438;0.00434;0.0143;;293.3918444;0.131305978;0.057676742;;339.2;0.127888189;0.037924269;
;;196.61687;0.0156;0.0135;;296.7243222;0.131305978;0.057676742;;340.2666667;0.12880875;0.036802491;
;;199.94936;0.00942;0.0139;;300.0568111;0.130640797;0.057454877;;341.3333333;0.128859546;0.036817185;
;;203.28185;0.00942;0.0139;;303.3893;0.128896406;0.058576433;;342.4;0.128816975;0.036849956;
;;206.61434;0.00725;0.0137;;306.7217667;0.128709393;0.058535813;;343.4666667;0.128890142;0.03691505;
;;209.94683;0.00941;0.0139;;310.0544111;0.12901328;0.058712315;;344.5333333;0.128840245;0.036923972;
;;213.27932;0.0108;0.014;;313.3867444;0.12870676;0.058599117;;345.6;0.128816124;0.036895074;
;;216.61181;0.00942;0.0139;;316.7192556;0.12911827;0.058881269;;346.6666667;0.128834367;0.036873078;
;;219.9443;0.0126;0.014;;320.0519111;0.129263601;0.059032544;;347.7333333;0.128805018;0.036864388;
;;223.27679;0.00913;0.0139;;323.3842333;0.129296226;0.059149937;;348.8;0.128929338;0.036937109;
;;226.60928;0.0128;0.014;;326.7167111;0.129156425;0.059105599;;349.8666667;0.128851623;0.036868616;
;;229.94177;0.00662;0.0153;;330.0492222;0.129171101;0.059187139;;350.9333333;0.128791834;0.036874647;
;;233.27426;0.007;0.0153;;333.3816667;0.129678577;0.059335555;;352;0.128820478;0.03687355;
;;236.60675;0.013;0.0141;;336.7141444;0.129471929;0.059230349;;353.0666667;0.129187751;0.037667645;
;;239.93924;0.00662;0.0153;;340.0466333;0.128236547;0.059775336;;354.1333333;0.128888101;0.036903602;
;;243.27173;0.0035;0.0159;;343.3791222;0.129001707;0.059719116;;355.2;0.128934491;0.036912125;
;;246.60422;0.0033;0.0159;;346.7115889;0.128369672;0.059955966;;356.2666667;0.128971397;0.036953076;
;;249.93671;0.00727;0.0157;;350.0440889;0.128630344;0.059904142;;357.3333333;0.128969389;0.036991706;
;;253.2692;0.0069;0.0157;;353.3765667;0.1288717;0.059845502;;358.4;0.128908341;0.036999873;
;;256.60169;0.0112;0.0156;;356.7090667;0.128727413;0.059826996;;359.4666667;0.128867081;0.037010517;
;;259.93418;0.00885;0.0165;;360.0415556;0.128721477;0.059821664;;360.5333333;0.128854769;0.037032471;
;;263.26667;0.0111;0.0152;;363.3740333;0.129285281;0.059980673;;361.6;0.128918666;0.037048091;
;;266.59916;0.00733;0.0149;;366.7065222;0.129519294;0.060110708;;362.6666667;0.12895681;0.037062634;
;;269.93165;0.00755;0.0151;;370.039;0.129547682;0.060213349;;363.7333333;0.128706236;0.037459191;
;;273.26414;0.0074;0.0151;;373.3715556;0.130649025;0.060323789;;364.8;0.128644984;0.037418544;
;;276.59663;0.011;0.015;;376.7039778;0.128818388;0.060448029;;365.8666667;0.128643439;0.037431172;
;;279.92912;0.00717;0.0152;;380.0364556;0.129211774;0.060623164;;366.9333333;0.12859235;0.03750341;
;;283.26161;0.00774;0.0153;;383.3689667;0.127599086;0.060741871;;368;0.128754309;0.037383438;
;;286.5941;0.0126;0.0164;;386.7014333;0.127285755;0.060989695;;369.0666667;0.128810871;0.0374346;
;;289.92659;0.0135;0.0167;;390.0339222;0.129861102;0.060827582;;370.1333333;0.128533767;0.03754743;
;;293.25908;0.0134;0.0168;;393.3663889;0.130265136;0.060880821;;371.2;0.127115911;0.038010025;
;;296.59157;0.00854;0.0153;;396.6988889;0.130270853;0.061002412;;372.2666667;0.126848728;0.038234042;
;;299.92406;0.00777;0.0153;;400.0314111;0.129745863;0.061215683;;373.3333333;0.126547708;0.038348019;
;;303.25655;0.00849;0.0153;;403.3638556;0.129387033;0.06116809;;374.4;0.127581933;0.037863827;
;;306.58904;0.00906;0.0153;;406.6963556;0.129376021;0.061197201;;375.4666667;0.127943206;0.037775337;
;;309.92153;0.0144;0.0162;;410.0288333;0.129718727;0.061342328;;376.5333333;0.127890031;0.037811958;
;;313.25402;0.0126;0.0154;;413.3613222;0.129347706;0.061308544;;377.6;0.127807732;0.037897056;
;;316.58651;0.0124;0.0155;;416.6938111;0.129867321;0.061272649;;378.6666667;0.127568394;0.03799496;
;;319.919;0.014;0.0156;;420.0262889;0.130078676;0.061508799;;379.7333333;0.127605681;0.037998203;
;;323.25149;0.0131;0.0156;;423.3587889;0.129870392;0.06147875;;380.8;0.127553808;0.037974853;
;;326.58398;0.00721;0.0169;;426.6912444;0.130199784;0.061616111;;381.8666667;0.127106714;0.038159315;
;;329.91647;0.00448;0.0172;;430.0237333;0.128627551;0.062002683;;382.9333333;0.127610768;0.038041763;
;;333.24896;0.00487;0.0174;;433.3562667;0.130056792;0.06187284;;384;0.127581003;0.0380305;
;;336.58145;0.00497;0.0173;;436.6887111;0.128878685;0.062030172;;385.0666667;0.127566724;0.038052935;
;;339.91394;0.00522;0.0176;;440.0211889;0.12779395;0.062183387;;386.1333333;0.12753259;0.038116998;
;;343.24643;0.012;0.0156;;443.3536889;0.129392725;0.061944907;;387.2;0.127556882;0.038156021;
;;346.57892;0.0116;0.0164;;446.6861778;0.129957726;0.061989134;;388.2666667;0.127549839;0.038178764;
;;349.91141;0.0106;0.0169;;450.0186667;0.129731101;0.06195762;;389.3333333;0.127576871;0.038223131;
;;353.2439;0.0114;0.0166;;453.3511444;0.128875885;0.062423825;;390.4;0.127571111;0.038227666;
;;356.57639;0.00951;0.0165;;456.6836667;0.129601022;0.062194605;;391.4666667;0.127548618;0.038168177;
;;359.90888;0.00995;0.0167;;460.0162556;0.128331636;0.062496095;;392.5333333;0.127580531;0.038161707;
;;363.24137;0.0096;0.0167;;463.3486556;0.128836479;0.062399057;;393.6;0.127642561;0.038199292;
;;366.57386;0.00927;0.0171;;466.6810667;0.128809699;0.062386413;;394.6666667;0.127601453;0.038231902;
;;369.90635;0.00708;0.0167;;470.0135667;0.129659202;0.062439759;;395.7333333;0.127582585;0.038271038;
;;373.23884;0.0139;0.0175;;473.3460444;0.128938985;0.062550438;;396.8;0.12746948;0.038303773;
;;376.57133;0.0101;0.017;;476.6785222;0.129145448;0.062668303;;397.8666667;0.12755317;0.038332794;
;;379.90382;0.0101;0.0172;;480.0110556;0.129684117;0.062691822;;398.9333333;0.127543873;0.038346388;
;;383.23631;0.0111;0.0176;;483.3435111;0.128662258;0.062767331;;400;0.127558964;0.038369815;
;;386.5688;0.00968;0.0176;;486.6759889;0.129923271;0.062799429;;401.0666667;0.127544871;0.038412857;
;;389.90129;0.00998;0.0176;;490.0085;0.12909158;0.062905702;;402.1333333;0.12756021;0.03844434;
;;393.23378;0.00668;0.0176;;493.3409889;0.129047535;0.063134952;;403.2;0.127593759;0.038456205;
;;396.56627;0.00375;0.0189;;496.6734556;0.129170769;0.063069673;;404.2666667;0.127553493;0.038447164;
;;399.89876;0.00386;0.0177;;500.0059667;0.129020133;0.063131175;;405.3333333;0.127648804;0.038508571;
;;403.23125;0.00379;0.0179;;503.3384222;0.129826066;0.063219579;;406.4;0.127591202;0.03854656;
;;406.56374;0.00924;0.0188;;506.6709111;0.129424632;0.06318075;;407.4666667;0.127678166;0.038661727;
;;409.89623;0.00604;0.0175;;510.0034;0.129892832;0.063218697;;408.5333333;0.127629604;0.038698024;
;;413.22872;0.00337;0.0181;;513.3358667;0.130427209;0.063376366;;409.6;0.127632276;0.038766274;
;;416.56121;0.00202;0.0185;;516.6683556;0.131829291;0.0634038;;410.6666667;0.127658127;0.038780113;
;;419.8937;0.00744;0.0186;;520.0008556;0.129973925;0.06356524;;411.7333333;0.127680664;0.03877278;
;;423.22619;0.00868;0.0183;;523.3333333;0.129761647;0.06357423;;412.8;0.127679885;0.038795704;
;;426.55868;0.00214;0.0185;;526.6658222;0.129548842;0.063557064;;413.8666667;0.127702699;0.038832257;
;;429.89117;0.00812;0.0184;;529.9983;0.130821182;0.063633708;;414.9333333;0.127695532;0.038867993;
;;433.22366;0.00887;0.0186;;533.3307889;0.130034246;0.063617802;;416;0.127699138;0.038919923;
;;436.55615;0.01;0.0189;;536.6632889;0.130574358;0.063727368;;417.0666667;0.12777747;0.038973767;
;;439.88864;0.00997;0.0189;;539.9957667;0.130601768;0.063759014;;418.1333333;0.127784674;0.03901327;
;;443.22113;0.00419;0.019;;543.3282556;0.13053878;0.063638662;;419.2;0.127793808;0.039017984;
;;446.55362;0.00835;0.0188;;546.6607111;0.130355307;0.063709055;;420.2666667;0.127759176;0.039041579;
;;449.88611;0.00617;0.0186;;549.9932111;0.130695096;0.063852563;;421.3333333;0.127773753;0.039040334;
;;453.2186;0.0079;0.0189;;553.3257111;0.130966893;0.063748341;;422.4;0.127810839;0.039081958;
;;456.55109;0.00543;0.0187;;556.6581889;0.130776841;0.063851656;;423.4666667;0.127832127;0.039092281;
;;459.88358;0.00797;0.0191;;559.9906556;0.128888007;0.06425304;;424.5333333;0.127809153;0.039098655;
;;463.21607;0.00625;0.019;;563.3231556;0.131064228;0.064037249;;425.6;0.127825785;0.039143969;
;;466.54856;0.00967;0.0192;;566.6556889;0.130831239;0.063875721;;426.6666667;0.127800324;0.039169498;
;;469.88105;0.0078;0.0192;;569.9881222;0.129735846;0.063960745;;427.7333333;0.127805743;0.039173538;
;;473.21354;0.00419;0.0191;;573.3539667;0.130051828;0.064241106;;428.8;0.127817791;0.039225146;
;;476.54603;0.00658;0.019;;576.6864222;0.130151905;0.064358458;;429.8666667;0.127799636;0.039243485;
;;479.87852;0.00906;0.0194;;580.0189;0.127305572;0.06502614;;430.9333333;0.127847946;0.039315813;
;;483.21101;0.00876;0.0194;;583.3513889;0.129152493;0.064723093;;432;0.127818221;0.039351007;
;;486.5435;0.00597;0.0191;;586.6838778;0.127684507;0.064915524;;433.0666667;0.127839702;0.039361033;
;;489.87599;0.00602;0.0191;;590.0163667;0.128388817;0.065202046;;434.1333333;0.127828967;0.039359667;
;;493.20848;0.00876;0.0194;;593.3488444;0.129530597;0.065052002;;435.2;0.127812178;0.039380762;
;;496.54097;0.0061;0.019;;596.6813333;0.128359743;0.065313803;;436.2666667;0.127811929;0.039371571;
;;499.87346;0.00936;0.0195;;600.0138333;0.128278193;0.065219459;;437.3333333;0.12778083;0.039400851;
;;503.20595;0.00642;0.019;;603.3465;0.128040401;0.065441344;;438.4;0.127822041;0.039441308;
;;506.53844;0.00669;0.019;;606.6788;0.128529721;0.065352994;;439.4666667;0.12781432;0.039439474;
;;509.87093;0.00659;0.019;;610.0112889;0.126767203;0.065741372;;440.5333333;0.127793401;0.039482064;
;;513.20342;0.00497;0.0191;;613.3437556;0.128651647;0.065359836;;441.6;0.127810259;0.039480522;
;;516.53591;0.00497;0.0191;;616.6762444;0.128764195;0.065477675;;442.6666667;0.12778883;0.039471046;
;;519.8684;0.00391;0.0189;;620.0087333;0.128666576;0.065471936;;443.7333333;0.127849906;0.039510493;
;;523.20089;0.00489;0.0191;;623.3412222;0.130495508;0.065342164;;444.8;0.127838861;0.039560611;
;;526.53338;0.00425;0.019;;626.6737333;0.126439712;0.066361618;;445.8666667;0.127921344;0.039643906;
;;529.86587;0.00414;0.019;;630.0062889;0.130764099;0.065466972;;446.9333333;0.127944135;0.039722877;
;;533.19836;0.0104;0.02;;633.3386778;0.130530637;0.065356675;;448;0.127881999;0.03974025;
;;536.53085;0.00222;0.0198;;636.6711667;0.130871473;0.06546925;;449.0666667;0.127913071;0.039802111;
;;539.86334;0.00662;0.0198;;640.0036667;0.131223191;0.065505062;;450.1333333;0.127893901;0.03984912;
;;543.19583;0.00917;0.02;;643.3361222;0.130971214;0.065459532;;451.2;0.12788709;0.039901356;
;;546.52832;0.00696;0.0199;;646.6686111;0.131205934;0.065504222;;452.2666667;0.127850957;0.039926676;
;;549.86081;0.00725;0.0201;;650.0011;0.131336743;0.065511908;;453.3333333;0.127869911;0.039928426;
;;553.1933;0.00699;0.0203;;653.3335889;0.131027596;0.065623299;;454.4;0.127896475;0.040073177;
;;556.52579;0.00333;0.0209;;656.6660667;0.1311422;0.065631337;;455.4666667;0.127905017;0.040131018;
;;559.85828;0.00753;0.021;;659.9985556;0.130449013;0.065814705;;456.5333333;0.127892773;0.040182516;
;;563.19077;0.00224;0.021;;663.3310333;0.130428413;0.065946219;;457.6;0.127862198;0.040169113;
;;566.52326;0.00954;0.0206;;666.6635333;0.130346275;0.065932063;;458.6666667;0.127837033;0.04014437;
;;569.85575;0.00222;0.021;;669.996;0.130146477;0.066210599;;459.7333333;0.1277982;0.040174749;
;;573.18824;0.0111;0.0207;;673.3285111;0.130044423;0.066274947;;460.8;0.127825333;0.04019032;
;;576.52073;0.00701;0.0211;;676.6609889;0.130532966;0.066321633;;461.8666667;0.127781483;0.040234997;
;;579.85322;0.0103;0.021;;679.9934667;0.129486749;0.066513922;;462.9333333;0.127809783;0.040292494;
;;583.18571;0.00934;0.0211;;683.3259778;0.12954867;0.066620397;;464;0.127821655;0.040370192;
;;586.5182;0.00874;0.0212;;686.6584444;0.13023349;0.06643594;;465.0666667;0.127812964;0.040406033;
;;589.85069;0.0101;0.0212;;689.9909111;0.130580967;0.066467042;;466.1333333;0.127823601;0.040416526;
;;593.18318;0.00755;0.0211;;693.3234111;0.130291925;0.066538881;;467.2;0.127853449;0.040472138;
;;596.51567;0.00783;0.0211;;696.6558889;0.129565107;0.067021301;;468.2666667;0.127781222;0.040484642;
;;599.84816;0.00264;0.0213;;699.9883778;0.128527831;0.067070214;;469.3333333;0.127800887;0.040528945;
;;603.18065;0.00954;0.0215;;703.3208667;0.129313088;0.066870141;;470.4;0.127793091;0.040555994;
;;606.51314;0.00902;0.0222;;706.6533444;0.129228585;0.066988289;;471.4666667;0.127804731;0.04055162;
;;609.84563;0.0043;0.0219;;709.9858444;0.129488928;0.066908705;;472.5333333;0.127801901;0.040582969;
;;613.17812;0.00289;0.0219;;713.3183222;0.129234715;0.067008132;;473.6;0.127805579;0.040603037;
;;616.51061;0.00453;0.022;;716.6508111;0.129221564;0.067121141;;474.6666667;0.127800377;0.040617935;
;;619.8431;0.0101;0.0222;;719.9832778;0.129173213;0.067104353;;475.7333333;0.127801171;0.040612229;
;;623.17559;0.011;0.0234;;723.3491;0.129028528;0.067335761;;476.8;0.127818817;0.04063682;
;;626.50808;0.011;0.0234;;726.6816;0.130847718;0.067180834;;477.8666667;0.127822689;0.040629273;
;;629.84057;0.00791;0.0217;;730.0140667;0.12892871;0.067343655;;478.9333333;0.127801058;0.040671691;
;;633.17306;0.00977;0.0221;;733.3465667;0.128379279;0.067546435;;480;0.127793005;0.040704493;
;;636.50555;0.00776;0.022;;736.6790444;0.130715454;0.067186784;;481.0666667;0.127779747;0.040715619;
;;639.83804;0.00892;0.0227;;740.0115333;0.130930494;0.067117831;;482.1333333;0.127764546;0.040720534;
;;643.17053;0.0036;0.0222;;743.3440222;0.130936342;0.067208849;;483.2;0.12775914;0.040736821;
;;646.50302;0.00924;0.0227;;746.6765;0.130990967;0.067209588;;484.2666667;0.127780677;0.040745978;
;;649.83551;0.00999;0.0224;;750.0089778;0.130841333;0.067300337;;485.3333333;0.127797635;0.040705064;
;;653.168;0.00777;0.0217;;753.3748111;0.130497417;0.067288058;;486.4;0.127785568;0.04080924;
;;656.50049;0.00834;0.0227;;756.7072778;0.130561591;0.067307934;;487.4666667;0.127938326;0.041127292;
;;659.83298;0.0104;0.0219;;760.0398111;0.130527739;0.067425204;;488.5333333;0.127813667;0.040755868;
;;663.16547;0.0105;0.022;;763.3722444;0.130679525;0.067443132;;489.6;0.127766802;0.040742946;
;;666.49796;0.00877;0.0219;;766.7048;0.130118539;0.067650948;;490.6666667;0.127787961;0.040726248;
;;669.83045;0.00995;0.022;;770.0372556;0.129955024;0.067757896;;491.7333333;0.127782911;0.040716562;
;;673.16294;0.00919;0.022;;773.3697111;0.130467931;0.067793204;;492.8;0.127816036;0.040731538;
;;676.49543;0.00872;0.0219;;776.7022;0.13025384;0.067895172;;493.8666667;0.127827889;0.040797279;
;;679.82792;0.0107;0.022;;780.0346889;0.130686238;0.06791621;;494.9333333;0.127822693;0.040846612;
;;683.16041;0.0106;0.022;;783.3671556;0.130626759;0.068060559;;496;0.12780247;0.040898709;
;;686.4929;0.0104;0.022;;786.6996778;0.131138583;0.06796734;;497.0666667;0.127788352;0.040886835;
;;689.82539;0.0106;0.0222;;790.0321556;0.130960753;0.067938496;;498.1333333;0.127788974;0.040910444;
;;693.15788;0.00662;0.0217;;793.3646111;0.131811042;0.067865109;;499.2;0.127940835;0.040888202;
;;696.49037;0.0067;0.0217;;796.6971111;0.131717082;0.06798059;;500.2666667;0.127975277;0.040898608;
;;699.82286;0.00656;0.0217;;800.0295889;0.131428873;0.06797075;;501.3333333;0.127971938;0.040891165;
;;703.15535;0.00631;0.0216;;803.3620778;0.131625335;0.067975631;;502.4;0.127950579;0.040903131;
;;706.48784;0.00667;0.0217;;806.6945667;0.130644031;0.068180576;;503.4666667;0.127943526;0.040908337;
;;709.82033;0.000379;0.0237;;810.0270556;0.130118175;0.068404952;;504.5333333;0.127935664;0.040907744;
;;713.15282;0.00495;0.0226;;813.3595333;0.130566101;0.068279242;;505.6;0.127923431;0.040902177;
;;716.48531;0.0000806;0.0238;;816.6920444;0.130778545;0.068412533;;506.6666667;0.127936849;0.040908461;
;;719.8178;0.00929;0.0238;;820.0245;0.131276623;0.068448747;;507.7333333;0.127944823;0.040913339;
;;723.15029;0.00733;0.0225;;823.3569889;0.130975089;0.068698346;;508.8;0.127853872;0.040982303;
;;726.48278;0.0078;0.0223;;826.6894778;0.131466508;0.06883589;;509.8666667;0.127858427;0.040962467;
;;729.81527;0.011;0.0234;;830.0219667;0.131344114;0.069090431;;510.9333333;0.127917764;0.040951957;
;;733.14776;0.0108;0.0235;;833.3544444;0.131018533;0.069165715;;512;0.127937114;0.040972771;
;;736.48025;0.0105;0.0235;;836.687;0.131272643;0.069192887;;513.0666667;0.127959746;0.040996854;
;;739.81274;0.00637;0.0226;;840.0194333;0.131077626;0.069318845;;514.1333333;0.127929422;0.040994032;
;;743.14523;0.00662;0.0226;;843.3519;0.130224916;0.06974984;;515.2;0.127906229;0.041003325;
;;746.47772;0.00636;0.0227;;846.6843778;0.130367876;0.069766566;;516.2666667;0.127932118;0.041013165;
;;749.81021;0.0062;0.0226;;850.0168667;0.130009366;0.069614907;;517.3333333;0.1279432;0.041027068;
;;753.1427;0.00773;0.0226;;853.3493556;0.130563968;0.069656376;;518.4;0.12792312;0.041044497;
;;756.47519;0.0063;0.0226;;856.6818889;0.130562946;0.069653329;;519.4666667;0.127955224;0.041057873;
;;759.80768;0.00627;0.0226;;860.0143222;0.131249851;0.069555154;;520.5333333;0.127948144;0.041041822;
;;763.14017;0.00621;0.0226;;863.3468111;0.130920843;0.069668425;;521.6;0.127936565;0.041038046;
;;766.47266;0.00743;0.0226;;866.6793;0.130797052;0.069790409;;522.6666667;0.127983376;0.041013943;
;;769.80515;0.0063;0.0224;;870.0117889;0.130483197;0.069756667;;523.7333333;0.127971307;0.041038863;
;;773.13764;0.00546;0.0234;;873.3442667;0.130247709;0.069860553;;524.8;0.127927932;0.041058642;
;;776.47013;0.00687;0.0234;;876.6767444;0.130496014;0.069767585;;525.8666667;0.127946462;0.041064006;
;;779.80262;0.00695;0.0236;;880.0092444;0.130176161;0.069742161;;526.9333333;0.127938907;0.041067803;
;;783.13511;0.00691;0.0238;;883.3417333;0.130271406;0.070011003;;528;0.127992988;0.041090687;
;;786.4676;0.00657;0.0239;;886.6742222;0.130258269;0.069996746;;529.0666667;0.127960883;0.04108213;
;;789.80009;0.00647;0.024;;890.0067111;0.13049925;0.069908678;;530.1333333;0.12799132;0.041094005;
;;793.13258;0.00612;0.024;;893.3391778;0.130472054;0.069896476;;531.2;0.127936864;0.041109041;
;;796.46507;0.00691;0.0241;;896.6717111;0.129836485;0.070086964;;532.2666667;0.127950731;0.041126232;
;;799.79756;0.00698;0.0242;;900.0042;0.13010218;0.07010125;;533.3333333;0.12793622;0.041122534;
;;803.13005;0.0072;0.0244;;903.3367444;0.130214093;0.07024187;;534.4;0.127892668;0.041124834;
;;806.46254;0.00623;0.0244;;906.6691667;0.130350177;0.070251423;;535.4666667;0.127868918;0.041133562;
;;809.79503;0.00707;0.0244;;910.0016111;0.130402994;0.070266289;;536.5333333;0.127902886;0.041170613;
;;813.12752;0.0104;0.0253;;913.3341222;0.130635303;0.070288704;;537.6;0.127953202;0.041191798;
;;816.46001;0.0108;0.0254;;916.6665778;0.129755235;0.070603278;;538.6666667;0.127932106;0.041194974;
;;819.7925;0.0107;0.0254;;919.9990778;0.130877791;0.070530835;;539.7333333;0.127917282;0.041195261;
;;823.12499;0.0106;0.0253;;923.3315444;0.130943;0.070532437;;540.8;0.127878307;0.041172394;
;;826.45748;0.011;0.0254;;926.6640333;0.130823616;0.070637883;;541.8666667;0.127909837;0.041223005;
;;829.78997;0.0104;0.0254;;929.9965222;0.131085925;0.070666994;;542.9333333;0.127912428;0.041269447;
;;833.12246;0.00655;0.0249;;933.329;0.131033838;0.070656355;;544;0.127891863;0.041262713;
;;836.45495;0.00743;0.0251;;936.6615;0.129120837;0.071434272;;545.0666667;0.127777985;0.041286974;
;;839.78744;0.00628;0.0249;;939.9939889;0.129418064;0.071423158;;546.1333333;0.127571878;0.041532383;
;;843.11993;0.00634;0.025;;943.3264444;0.130681949;0.071010935;;547.2;0.128173098;0.041631572;
;;846.45242;0.00641;0.0249;;946.6589556;0.130542504;0.071013023;;548.2666667;0.127706476;0.041694705;
;;849.78491;0.00676;0.0252;;949.9914333;0.130771364;0.071119588;;549.3333333;0.127717643;0.041718289;
;;853.1174;0.00793;0.0257;;953.3239111;0.130758133;0.071115557;;550.4;0.127854936;0.041742091;
;;856.44989;0.00716;0.0254;;956.6564;0.129759917;0.071558741;;551.4666667;0.127827924;0.041813278;
;;859.78238;0.00746;0.0254;;959.9889111;0.12971467;0.071579524;;552.5333333;0.12787307;0.041882156;
;;863.11487;0.00772;0.0256;;963.3213778;0.129910725;0.071582384;;553.6;0.127838876;0.041993705;
;;866.44736;0.00758;0.0254;;966.6538778;0.130073671;0.071602284;;554.6666667;0.127963734;0.042025795;
;;869.77985;0.0113;0.0262;;969.9863444;0.129708745;0.07169934;;555.7333333;0.127888793;0.042018738;
;;873.11234;0.00728;0.0255;;973.3188333;0.129726933;0.071677772;;556.8;0.127786691;0.042080303;
;;876.44483;0.00769;0.0258;;976.6513222;0.130153158;0.071721019;;557.8666667;0.127915155;0.042142106;
;;879.77732;0.0112;0.0264;;979.9838111;0.129902317;0.071830737;;558.9333333;0.127862257;0.042130776;
;;883.10981;0.0113;0.0264;;983.3162889;0.130560348;0.071625117;;560;0.127806833;0.042113388;
;;886.4423;0.0106;0.0262;;986.6487889;0.130815493;0.071638412;;561.0666667;0.127860202;0.042110872;
;;889.77479;0.00573;0.0261;;989.9812444;0.129609139;0.072036876;;562.1333333;0.127802811;0.042102618;
;;893.10728;0.00644;0.0261;;993.3137444;0.130151194;0.071966111;;563.2;0.127835916;0.042130702;
;;896.43977;0.00618;0.0262;;996.6462556;0.129977236;0.072062584;;564.2666667;0.127825196;0.042108189;
;;899.77226;0.00625;0.0261;;999.9787222;0.130092082;0.072069302;;565.3333333;0.12787303;0.042165276;
;;903.10475;0.00599;0.0261;;1003.311233;0.130778003;0.072138804;;566.4;0.127867426;0.042191547;
;;906.43724;0.00589;0.0262;;1006.643722;0.130368885;0.072217533;;567.4666667;0.127817187;0.042153973;
;;909.76973;0.00616;0.0263;;1009.976167;0.130395884;0.072238138;;568.5333333;0.127857125;0.042187722;
;;913.10222;0.00879;0.0259;;1013.308678;0.130526283;0.072485375;;569.6;0.127889291;0.042225757;
;;916.43471;0.00911;0.026;;1016.641189;0.130241474;0.072457422;;570.6666667;0.127829224;0.042224408;
;;919.7672;0.00654;0.0264;;1019.973711;0.130115458;0.07244906;;571.7333333;0.127803799;0.042229249;
;;923.09969;0.00626;0.0265;;1023.306111;0.130025303;0.072574512;;572.8;0.127814384;0.042281792;
;;926.43218;0.00905;0.0259;;1026.638611;0.130012581;0.072694497;;573.8666667;0.127846597;0.042306807;
;;929.76467;0.00673;0.0265;;1029.971078;0.129999292;0.072670507;;574.9333333;0.12782892;0.042331461;
;;933.09716;0.00778;0.0275;;1033.303567;0.13005013;0.072812612;;576;0.127853172;0.042381799;
;;936.42965;0.0102;0.027;;1036.636044;0.130109408;0.072836236;;577.0666667;0.127947782;0.042437898;
;;939.76214;0.00623;0.0266;;1039.968544;0.129890628;0.073058887;;578.1333333;0.127832434;0.0423863;
;;943.09463;0.00604;0.0266;;1043.301022;0.129982223;0.073073548;;579.2;0.127823558;0.04240003;
;;946.42712;0.0061;0.0268;;1046.633511;0.129748398;0.073175283;;580.2666667;0.127827018;0.042446762;
;;949.75961;0.00865;0.0271;;1049.999322;0.129600843;0.073170521;;581.3333333;0.12779085;0.042488085;
;;953.0921;0.0088;0.0271;;1053.331856;0.129933465;0.073179458;;582.4;0.127905952;0.04253417;
;;956.42459;0.00871;0.0271;;1056.664322;0.130105699;0.0733155;;583.4666667;0.127866344;0.042570078;
;;959.75708;0.00864;0.0273;;1059.9968;0.130132514;0.073297495;;584.5333333;0.127791252;0.042567008;
;;963.08957;0.00848;0.0273;;1063.362589;0.12943519;0.073658416;;585.6;0.127876048;0.042592208;
;;966.42206;0.00861;0.0274;;1066.695078;0.130023425;0.073676334;;586.6666667;0.127930271;0.042597998;
;;969.75455;0.00791;0.0274;;1070.0609;0.129879525;0.073673032;;587.7333333;0.127941328;0.042605678;
;;973.08704;0.00638;0.0274;;1073.393378;0.12864027;0.073973378;;588.8;0.127894328;0.042614554;
;;976.41953;0.0089;0.0277;;1076.725956;0.128731029;0.074084915;;589.8666667;0.127775112;0.042628362;
;;979.75202;0.0087;0.0277;;1080.058322;0.129037918;0.074120164;;590.9333333;0.127753148;0.042670162;
;;983.08451;0.00898;0.0278;;1083.390822;0.129604772;0.07402922;;592;0.127622974;0.042571448;
;;986.417;0.0088;0.028;;1086.723311;0.128961058;0.074360874;;593.0666667;0.127550043;0.04250795;
;;989.74949;0.00758;0.0281;;1090.0558;0.129079294;0.074471376;;594.1333333;0.12761483;0.042595126;
;;993.08198;0.00876;0.028;;1093.3883;0.127608217;0.075138552;;595.2;0.127666716;0.042571146;
;;996.41447;0.00898;0.0281;;1096.720767;0.130980248;0.074611092;;596.2666667;0.127815859;0.042673295;
;;999.74696;0.0086;0.0282;;1100.053244;0.129953195;0.074904612;;597.3333333;0.127830377;0.042702325;
;;1003.07945;0.00948;0.0283;;1103.385744;0.131399356;0.074840605;;598.4;0.127835244;0.042698535;
;;1006.41194;0.00947;0.0283;;1106.718344;0.131045856;0.074969624;;599.4666667;0.127713412;0.042651028;
;;1009.74443;0.00831;0.0284;;1110.050733;0.131175031;0.075070038;;600.5333333;0.127785759;0.042707366;
;;1013.07692;0.00912;0.0283;;1113.3832;0.131387008;0.075122156;;601.6;0.127818286;0.042725828;
;;1016.40941;0.00839;0.0287;;1116.715711;0.131245522;0.075069636;;602.6666667;0.127746817;0.042683559;
;;1019.7419;0.00836;0.0287;;1120.048178;0.13122528;0.075093098;;603.7333333;0.12783191;0.042728778;
;;1023.07439;0.00952;0.0285;;1123.380633;0.131274049;0.075110131;;604.8;0.127797977;0.042698617;
;;1026.40688;0.00836;0.0287;;1126.713133;0.131289705;0.075122493;;605.8666667;0.127825049;0.042739898;
;;1029.73937;0.00814;0.0287;;1130.045622;0.131279292;0.075183438;;606.9333333;0.127671799;0.042689264;
;;1033.07186;0.00808;0.0288;;1133.378144;0.131329477;0.075277166;;608;0.127671105;0.042682994;
;;1036.40435;0.00842;0.0288;;1136.710611;0.131316916;0.075231461;;609.0666667;0.127654148;0.042687794;
;;1039.73684;0.0111;0.0288;;1140.043067;0.131341584;0.075603295;;610.1333333;0.127818634;0.042764079;
;;1043.06933;0.0102;0.0289;;1143.375544;0.130262588;0.075771853;;611.2;0.127735359;0.042728528;
;;1046.40182;0.00984;0.0304;;1146.708056;0.130489146;0.075832801;;612.2666667;0.127689553;0.042701062;
;;1049.73431;0.0127;0.0291;;1150.040533;0.130542006;0.075835278;;613.3333333;0.127698515;0.042731922;
;;1053.0668;0.0101;0.0292;;1153.373011;0.130719332;0.075970975;;614.4;0.127664228;0.042751529;
;;1056.39929;0.0108;0.0292;;1156.705511;0.130642722;0.075947544;;615.4666667;0.127474467;0.042678081;
;;1059.73178;0.00834;0.0293;;1160.038022;0.130707829;0.075956263;;616.5333333;0.127614221;0.042879598;
;;1063.06427;0.00833;0.0293;;1163.370467;0.130529745;0.076047997;;617.6;0.128020094;0.043019847;
;;1066.39676;0.00863;0.0294;;1166.702967;0.130568142;0.076070955;;618.6666667;0.127900045;0.042935461;
;;1069.72925;0.0101;0.0295;;1170.035444;0.130597053;0.076056491;;619.7333333;0.127682695;0.042881252;
;;1073.06174;0.0104;0.0295;;1173.367922;0.129159289;0.076377967;;620.8;0.127669385;0.042956391;
;;1076.39423;0.00563;0.0294;;1176.700422;0.129748735;0.076506422;;621.8666667;0.127826892;0.043103284;
;;1079.72672;0.0127;0.0293;;1180.0329;0.127959662;0.076891678;;622.9333333;0.12788636;0.043187129;
;;1083.05921;0.00553;0.0295;;1183.3987;0.129524365;0.076743941;;624;0.128029576;0.043308143;
;;1086.3917;0.00544;0.0295;;1186.731189;0.130439947;0.076453846;;625.0666667;0.128025223;0.043340163;
;;1089.72419;0.00859;0.0297;;1190.0637;0.130379623;0.076406201;;626.1333333;0.127961007;0.043306347;
;;1093.05668;0.0087;0.0297;;1193.396156;0.126212412;0.076908588;;627.2;0.127964064;0.043339972;
;;1096.38917;0.00881;0.0299;;1196.728644;0.126555573;0.076803745;;628.2666667;0.128004074;0.043404399;
;;1099.72166;0.00555;0.0297;;1200.061144;0.126608905;0.07679972;;629.3333333;0.128000585;0.043394976;
;;1103.05415;0.00543;0.0299;;1203.393622;0.126753152;0.076816284;;630.4;0.128045425;0.043454202;
;;1106.38664;0.00851;0.03;;1206.726111;0.126701789;0.076710282;;631.4666667;0.128209504;0.043619008;
;;1109.71913;0.0098;0.031;;1210.058611;0.126663448;0.076684956;;632.5333333;0.128028291;0.043545658;
;;1113.05162;0.00964;0.0311;;1213.3911;0.126987417;0.076591383;;633.6;0.127990768;0.043558943;
;;1116.38411;0.00238;0.0295;;1216.723567;0.126682835;0.076797526;;634.6666667;0.127999506;0.043572301;
;;1119.7166;0.000831;0.0312;;1220.056056;0.126802224;0.076837284;;635.7333333;0.127732141;0.043497901;
;;1123.04909;0.000847;0.0312;;1223.388522;0.126954222;0.07685292;;636.8;0.127800344;0.043552113;
;;1126.38158;0.00631;0.0311;;1226.721256;0.126609303;0.076927491;;637.8666667;0.128004936;0.043722576;
;;1129.71407;0.0042;0.0312;;1230.053511;0.126484661;0.07717251;;638.9333333;0.127946142;0.043747077;
;;1133.04656;0.000405;0.0312;;1233.385989;0.126045419;0.077280657;;640;0.128087414;0.04394752;
;;1136.37905;0.000947;0.0312;;1236.718478;0.126249747;0.077295399;;641.0666667;0.127915621;0.043919139;
;;1139.71154;0.00033;0.0312;;1240.050956;0.126049843;0.077296918;;642.1333333;0.12796525;0.044069375;
;;1143.04403;0.000709;0.0312;;1243.383456;0.126148283;0.07731733;;643.2;0.12793885;0.04404406;
;;1146.37652;0.000245;0.0312;;1246.715933;0.128164945;0.077281894;;644.2666667;0.12786582;0.044072645;
;;1149.70901;0.0041;0.0311;;1250.048422;0.126892157;0.077574355;;645.3333333;0.127974147;0.044170108;
;;1153.0415;0.000479;0.0312;;1253.3809;0.127447644;0.077718919;;646.4;0.127818458;0.044202033;
;;1156.37399;0.0061;0.0309;;1256.713389;0.127083927;0.077821017;;647.4666667;0.127761306;0.044238399;
;;1159.70648;0.00631;0.0309;;1260.045956;0.126995102;0.078430004;;648.5333333;0.127775688;0.044248277;
;;1163.03897;0.00643;0.0309;;1263.378367;0.125784326;0.078472893;;649.6;0.127915777;0.044382357;
;;1166.37146;0.00632;0.031;;1266.710867;0.125594725;0.078487983;;650.6666667;0.127756156;0.044335949;
;;1169.70395;0.00658;0.031;;1270.043322;0.125329101;0.078589637;;651.7333333;0.127842078;0.044349208;
;;1173.03644;0.00661;0.0311;;1273.375811;0.12505056;0.078689915;;652.8;0.127760363;0.044281306;
;;1176.36893;0.00676;0.0311;;1276.708311;0.124897299;0.078812651;;653.8666667;0.12773218;0.04427771;
;;1179.70142;0.00673;0.0311;;1280.040789;0.125042316;0.078824768;;654.9333333;0.127872799;0.044378972;
;;1183.03391;0.00658;0.0311;;1283.373267;0.124920065;0.078925533;;656;0.127942554;0.044410079;
;;1186.3664;0.00313;0.0307;;1286.705767;0.128172545;0.077508138;;657.0666667;0.128035786;0.044504043;
;;1189.69889;0.00679;0.0311;;1290.038256;0.127692876;0.077595998;;658.1333333;0.127950263;0.044488572;
;;1193.03138;0.00673;0.0311;;1293.370722;0.127672791;0.077589442;;659.2;0.127842904;0.044448668;
;;1196.36387;0.00661;0.031;;1296.703222;0.127587698;0.077592753;;660.2666667;0.127795022;0.044435962;
;;1199.69636;0.00651;0.0311;;1300.035756;0.127634608;0.077608665;;661.3333333;0.128047512;0.044586401;
;;1203.02885;0.00658;0.031;;1303.368167;0.127666272;0.077742667;;662.4;0.12801631;0.044641149;
;;1206.36134;0.00675;0.0311;;1306.700656;0.12767047;0.07775195;;663.4666667;0.12789276;0.044627286;
;;1209.69383;0.00671;0.0311;;1310.033156;0.127656484;0.077755131;;664.5333333;0.128020219;0.044751376;
;;1213.02632;0.00676;0.031;;1313.365633;0.127708503;0.077752016;;665.6;0.127985621;0.0447839;
;;1216.35881;0.00664;0.0312;;1316.698133;0.127748225;0.077766276;;666.6666667;0.128030062;0.044814144;
;;1219.6913;0.00865;0.0318;;1320.030611;0.127718423;0.077757939;;667.7333333;0.127875642;0.044715237;
;;1223.02379;0.00686;0.0317;;1323.363089;0.127739049;0.077763253;;668.8;0.127961951;0.04480441;
;;1226.35628;0.00867;0.0321;;1326.695578;0.127686636;0.077742204;;669.8666667;0.127959265;0.04484437;
;;1229.68877;0.00885;0.0324;;1330.061389;0.127719331;0.077754253;;670.9333333;0.127935022;0.044836538;
;;1233.02126;0.00902;0.0324;;1333.393878;0.127738625;0.077759026;;672;0.12789557;0.044823132;
;;1236.35375;0.00884;0.0324;;1336.7264;0.127690346;0.077741693;;673.0666667;0.127769452;0.044786235;
;;1239.68624;0.00964;0.0327;;1340.058856;0.127744106;0.077751919;;674.1333333;0.127895694;0.044887555;
;;1243.01873;0.00508;0.0322;;1343.424967;0.127736258;0.077747453;;675.2;0.127988513;0.044994541;
;;1246.35122;0.00844;0.0328;;1346.757156;0.127739801;0.077750728;;676.2666667;0.127910085;0.045053395;
;;1249.68371;0.00663;0.0325;;1350.089633;0.127731571;0.077747367;;677.3333333;0.127593172;0.045493722;
;;1253.0162;0.00661;0.0326;;1353.422133;0.127711202;0.077738854;;678.4;0.128134063;0.045263862;
;;1256.34869;0.00924;0.0331;;1356.7546;0.127725866;0.077755003;;679.4666667;0.128014327;0.045086299;
;;1259.68118;0.00844;0.033;;1360.087089;0.127322235;0.077820086;;680.5333333;0.127423808;0.045461935;
;;1263.01367;0.00787;0.0329;;1363.419589;0.127374405;0.077837584;;681.6;0.128002824;0.045130979;
;;1266.34616;0.00769;0.0329;;1366.752056;0.127400686;0.077846657;;682.6666667;0.127885412;0.045183675;
;;1269.67865;0.00711;0.0333;;1370.084556;0.12738069;0.077846157;;683.7333333;0.128005231;0.045298074;
;;1273.01114;0.00875;0.0333;;1373.417033;0.127384179;0.077864919;;684.8;0.128149588;0.045406167;
;;1276.34363;0.00784;0.0332;;1376.749544;0.126860402;0.077940956;;685.8666667;0.128024451;0.045371484;
;;1279.67612;0.00735;0.0331;;1380.081989;0.12699152;0.077952972;;686.9333333;0.128035825;0.045385251;
;;1283.00861;0.0077;0.0332;;1383.414556;0.126746952;0.078046412;;688;0.12802977;0.045410124;
;;1286.3411;0.00643;0.0331;;1386.747022;0.126650693;0.07805272;;689.0666667;0.128065345;0.045462566;
;;1289.67359;0.00813;0.0334;;1390.079444;0.126527744;0.078170349;;690.1333333;0.128020132;0.04546648;
;;1293.00608;0.00627;0.0334;;1393.411933;0.126836691;0.078188072;;691.2;0.128007831;0.045505816;
;;1296.33857;0.00626;0.0334;;1396.744422;0.126861424;0.078194309;;692.2666667;0.128082267;0.045508552;
;;1299.67106;0.00614;0.0335;;1400.076911;0.1277443;0.078233933;;693.3333333;0.127977804;0.045523424;
;;1303.00355;0.00619;0.0336;;1403.4094;0.127812919;0.078240986;;694.4;0.128121901;0.045571674;
;;1306.33604;0.00707;0.0338;;1406.741878;0.129588991;0.077997438;;695.4666667;0.12814106;0.045650963;
;;1309.66853;0.00574;0.0337;;1410.074367;0.129595642;0.078078585;;696.5333333;0.12821319;0.045661202;
;;1313.00102;0.0074;0.0338;;1413.406856;0.129703225;0.077963989;;697.6;0.128148843;0.045664208;
;;1316.33351;0.0058;0.0338;;1416.739333;0.128755653;0.077666089;;698.6666667;0.128358615;0.045790635;
;;1319.666;0.00564;0.0338;;1420.071956;0.128963046;0.077686892;;699.7333333;0.127968053;0.045640607;
;;1322.99849;0.00609;0.0339;;1423.437633;0.129024646;0.077806166;;700.8;0.127793949;0.045594091;
;;1326.33098;0.00609;0.034;;1426.770111;0.128865741;0.07768492;;701.8666667;0.128110612;0.045751414;
;;1329.66347;0.00633;0.0342;;1430.1026;0.128942637;0.077789298;;702.9333333;0.127976165;0.045754545;
;;1332.99596;0.0056;0.0343;;1433.435089;0.12882618;0.077797816;;704;0.127974391;0.045744424;
;;1336.32845;0.006;0.0344;;1436.767578;0.129165741;0.077917983;;705.0666667;0.127945681;0.045764292;
;;1339.66094;0.00534;0.0344;;1440.100056;0.129717254;0.078229025;;706.1333333;0.128000314;0.045808018;
;;1342.99343;0.00757;0.0347;;1443.432589;0.129555312;0.078306746;;707.2;0.127947473;0.045803111;
;;1346.32592;0.00607;0.0345;;1446.765156;0.130726642;0.078393471;;708.2666667;0.127973252;0.045841911;
;;1349.65841;0.00569;0.0346;;1450.097567;0.131406809;0.07830066;;709.3333333;0.128035607;0.045863321;
;;1352.9909;0.00562;0.0346;;1453.43;0.131231135;0.078188986;;710.4;0.127920971;0.045829314;
;;1356.32339;0.00602;0.0345;;1456.762478;0.131469282;0.07828209;;711.4666667;0.127838418;0.045818165;
;;1359.65588;0.00237;0.0348;;1460.094967;0.13130332;0.078200712;;712.5333333;0.127898655;0.045901641;
;;1362.98837;0.00752;0.0352;;1463.427467;0.131403703;0.078275001;;713.6;0.127952788;0.045942137;
;;1366.32086;0.0027;0.0349;;1466.759944;0.131257549;0.078316363;;714.6666667;0.127977914;0.045988343;
;;1369.65335;0.00623;0.0346;;1470.092422;0.131389228;0.078324261;;715.7333333;0.128048834;0.046010425;
;;1372.98584;0.00793;0.0348;;1473.424978;0.131647384;0.078350859;;716.8;0.127904513;0.046008634;
;;1376.31833;0.00655;0.0348;;1476.757411;0.129239585;0.078289465;;717.8666667;0.128004732;0.046124233;
;;1379.65082;0.00632;0.0349;;1480.089878;0.129118983;0.078169746;;718.9333333;0.127981209;0.046099506;
;;1382.98331;0.00598;0.035;;1483.422378;0.129145973;0.078180118;;720;0.128002091;0.046178696;
;;1386.3158;0.00706;0.0352;;1486.754856;0.129177602;0.078282677;;721.0666667;0.127950403;0.046201654;
;;1389.64829;0.00676;0.0352;;1490.087367;0.128858659;0.078322206;;722.1333333;0.127960539;0.04620546;
;;1392.98078;0.00604;0.035;;1493.419822;0.129524122;0.078337664;;723.2;0.128030882;0.046241074;
;;1396.31327;0.00788;0.0354;;1496.752311;0.129156112;0.078451663;;724.2666667;0.127957622;0.04627263;
;;1399.64576;0.00623;0.0352;;1500.084789;0.128960646;0.078432556;;725.3333333;0.127766085;0.046203367;
;;1402.97825;0.00603;0.0352;;1503.417289;0.128847412;0.078541432;;726.4;0.127712654;0.046212777;
;;1406.31074;0.00605;0.0352;;1506.749778;0.128684021;0.07841925;;727.4666667;0.127713929;0.046256672;
;;1409.64323;0.00765;0.0353;;1510.115578;0.128545222;0.078525778;;728.5333333;0.127781179;0.046325675;
;;1412.97572;0.00802;0.0354;;1513.448067;0.128698826;0.078550992;;729.6;0.127952262;0.046423564;
;;1416.30821;0.01;0.0357;;1516.780567;0.128731566;0.078533874;;730.6666667;0.127844242;0.046366128;
;;1419.6407;0.00612;0.0354;;1520.113022;0.128408163;0.078524815;;731.7333333;0.12778132;0.046356907;
;;1422.97319;0.00645;0.0353;;1523.445533;0.127822834;0.078727246;;732.8;0.127822304;0.04640625;
;;1426.30568;0.00793;0.0356;;1526.778;0.129010058;0.07867992;;733.8666667;0.127661448;0.046363586;
;;1429.63817;0.00755;0.0357;;1530.110589;0.128673179;0.078656491;;734.9333333;0.127742483;0.046476581;
;;1432.97066;0.00728;0.0355;;1533.442989;0.128670507;0.078658875;;736;0.12772337;0.046493185;
;;1436.30315;0.00763;0.0358;;1536.775467;0.128656208;0.07865053;;737.0666667;0.127808419;0.046556476;
;;1439.63564;0.00944;0.0359;;1540.107944;0.128542428;0.078653554;;738.1333333;0.127643728;0.046561332;
;;1442.96813;0.00705;0.0357;;1543.440433;0.128692717;0.078674302;;739.2;0.127581452;0.046560268;
;;1446.30062;0.00705;0.0357;;1546.772911;0.128637481;0.078650619;;740.2666667;0.127772271;0.046642449;
;;1449.63311;0.00609;0.0359;;1550.105411;0.128804186;0.07868315;;741.3333333;0.127767089;0.046639164;
;;1452.9656;0.00967;0.036;;1553.437889;0.127885106;0.078724364;;742.4;0.127866234;0.046666748;
;;1456.29809;0.00747;0.0358;;1556.770367;0.128671172;0.078662792;;743.4666667;0.127672976;0.046754439;
;;1459.63058;0.00584;0.0359;;1560.102856;0.128533577;0.078654095;;744.5333333;0.12771685;0.046765281;
;;1462.96307;0.00852;0.0361;;1563.435344;0.128638142;0.078644997;;745.6;0.127691306;0.046837238;
;;1466.29556;0.00558;0.036;;1566.767856;0.128589449;0.078650432;;746.6666667;0.127564976;0.046873952;
;;1469.62805;0.00539;0.0357;;1570.100311;0.128473093;0.078638563;;747.7333333;0.127531289;0.046873539;
;;1472.96054;0.00768;0.0359;;1573.432811;0.128691141;0.078672924;;748.8;0.127594754;0.047028351;
;;1476.29303;0.00496;0.0362;;1576.765267;0.128788057;0.078798494;;749.8666667;0.127513383;0.047037199;
;;1479.62552;0.00465;0.0363;;1580.1311;0.128633656;0.078768316;;750.9333333;0.127752575;0.047114575;
;;1482.95801;0.00813;0.0362;;1583.463656;0.12865377;0.07877084;;752;0.127675631;0.047059673;
;;1486.2905;0.00706;0.0362;;1586.796078;0.128568772;0.078658779;;753.0666667;0.127858945;0.047112068;
;;1489.62299;0.00716;0.0362;;1590.128544;0.128506171;0.078654905;;754.1333333;0.12772188;0.047128498;
;;1492.95548;0.00984;0.036;;1593.461033;0.128890902;0.078677681;;755.2;0.127812204;0.047104411;
;;1496.28797;0.00847;0.0369;;1596.793522;0.128816159;0.07867699;;756.2666667;0.12778367;0.047172253;
;;1499.62046;0.00762;0.0368;;1600.126011;0.128581048;0.078659381;;757.3333333;0.127920807;0.047283383;
;;1502.95295;0.00435;0.0354;;1603.458489;0.128470608;0.078653162;;758.4;0.127897239;0.047226374;
;;1506.28544;0.00651;0.0363;;1606.791011;0.128629026;0.078658648;;759.4666667;0.127711284;0.047182404;
;;1509.61793;0.00516;0.036;;1610.123456;0.128692995;0.078667951;;760.5333333;0.127946137;0.04731572;
;;1512.95042;0.00652;0.0364;;1613.456011;0.128280179;0.07874949;;761.6;0.128110757;0.047408564;
;;1516.28291;0.00661;0.0358;;1616.788456;0.128715297;0.078675781;;762.6666667;0.127903285;0.047356977;
;;1519.6154;0.00649;0.0363;;1620.120933;0.128542881;0.078655493;;763.7333333;0.127874852;0.047339822;
;;1522.94789;0.00646;0.0364;;1623.4534;0.128667646;0.07866255;;764.8;0.127915997;0.04735736;
;;1526.28038;0.00562;0.0364;;1626.785989;0.128667252;0.078658986;;765.8666667;0.127825573;0.047281692;
;;1529.61287;0.00469;0.0361;;1630.118367;0.128680617;0.078781589;;766.9333333;0.127868155;0.047346901;
;;1532.94536;0.00458;0.0364;;1633.450867;0.128654665;0.078777457;;768;0.12795175;0.047340742;
;;1536.27785;0.00593;0.0358;;1636.783344;0.128742263;0.078775935;;769.0666667;0.128002212;0.047400182;
;;1539.61034;0.000606;0.0363;;1640.115833;0.128557539;0.078658775;;770.1333333;0.128046403;0.047514608;
;;1542.94283;0.000536;0.0361;;1643.448344;0.128549523;0.078654321;;771.2;0.127951522;0.047466731;
;;1546.27532;0.00269;0.0357;;1646.780811;0.128345602;0.078644193;;772.2666667;0.127812009;0.047469486;
;;1549.60781;0.00236;0.0355;;1650.113289;0.128562111;0.07877396;;773.3333333;0.127800992;0.047477273;
;;1552.9403;0.00517;0.0369;;1653.445767;0.128577097;0.078674156;;774.4;0.128004932;0.047579197;
;;1556.27279;0.00588;0.0373;;1656.778289;0.128629485;0.078655114;;775.4666667;0.128068686;0.047654797;
;;1559.60528;0.00178;0.0361;;1660.110778;0.128683485;0.078674277;;776.5333333;0.127861409;0.047554255;
;;1562.93777;-0.00132;0.0371;;1663.443233;0.128677357;0.078673991;;777.6;0.127831899;0.04750786;
;;1566.27026;-0.00116;0.0372;;1666.775722;0.128413395;0.078636269;;778.6666667;0.127959832;0.047601023;
;;1569.60275;0.00318;0.0362;;1670.1082;0.128579162;0.078666297;;779.7333333;0.127852864;0.047544283;
;;1572.93524;0.00345;0.0373;;1673.440689;0.128616076;0.07866219;;780.8;0.12779964;0.047574856;
;;1576.26773;0.00908;0.0368;;1676.773156;0.128688846;0.078663292;;781.8666667;0.127845983;0.047613726;
;;1579.60022;0.0101;0.0368;;1680.105656;0.128654613;0.078658712;;782.9333333;0.127889685;0.047596336;
;;1582.93271;0.0115;0.0367;;1683.438167;0.128690803;0.078678765;;784;0.127906949;0.047642046;
;;1586.2652;0.0103;0.0366;;1686.770633;0.128704791;0.078680722;;785.0666667;0.127861602;0.047634023;
;;1589.59769;0.00425;0.0375;;1690.103133;0.128600121;0.078754489;;786.1333333;0.127790119;0.047617401;
;;1592.93018;0.00143;0.0378;;1693.4356;0.128865559;0.078677894;;787.2;0.127789855;0.047601406;
;;1596.26267;0.00412;0.0375;;1696.768111;0.128883594;0.078788424;;788.2666667;0.127840431;0.04762305;
;;1599.59516;0.0104;0.0368;;1700.100567;0.128772188;0.078679646;;789.3333333;0.127901158;0.047704964;
;;1602.92765;0.0116;0.0364;;1703.433056;0.128590209;0.078661063;;790.4;0.12786131;0.047743053;
;;1606.26014;0.0097;0.0367;;1706.765544;0.128744935;0.078667966;;791.4666667;0.127829031;0.047754296;
;;1609.59263;0.0103;0.0369;;1710.098022;0.129091191;0.078692176;;792.5333333;0.127818907;0.04778736;
;;1612.92512;0.0102;0.0369;;1713.430511;0.128906484;0.078677884;;793.6;0.127785599;0.047804885;
;;1616.25761;0.00609;0.0372;;1716.763056;0.12882679;0.078672466;;794.6666667;0.12776057;0.047782499;
;;;;;;1720.0955;0.12873564;0.078654964;;795.7333333;0.127970734;0.04790065;
;;;;;;1723.427967;0.12907422;0.078698332;;796.8;0.127848669;0.047869219;
;;;;;;1726.760456;0.12899538;0.078686187;;797.8666667;0.127819742;0.047854406;
;;;;;;1730.092944;0.128936037;0.078680783;;798.9333333;0.127808997;0.047922617;
;;;;;;1733.425478;0.129132379;0.078698017;;800;0.127805257;0.04792239;
;;;;;;1736.7579;0.12917434;0.078703143;;801.0666667;0.127680632;0.047866676;
;;;;;;1740.0904;0.129093798;0.078682889;;802.1333333;0.127725602;0.047891005;
;;;;;;1743.422878;0.12913143;0.078687643;;803.2;0.127924012;0.0480326;
;;;;;;1746.755367;0.129310986;0.078718705;;804.2666667;0.127738653;0.047932424;
;;;;;;1750.087856;0.12914889;0.078696987;;805.3333333;0.127946901;0.048043967;
;;;;;;1753.420333;0.128925311;0.078668932;;806.4;0.127887399;0.048038283;
;;;;;;1756.752833;0.128849943;0.078773635;;807.4666667;0.127815375;0.047996989;
;;;;;;1760.085322;0.128831273;0.078776435;;808.5333333;0.127714694;0.047969414;
;;;;;;1763.4178;0.128759423;0.078772424;;809.6;0.127604838;0.047974745;
;;;;;;1766.750278;0.128738758;0.078764144;;810.6666667;0.127912359;0.048198548;
;;;;;;1770.082756;0.128766795;0.078784127;;811.7333333;0.127926451;0.04819678;
;;;;;;1773.415256;0.128767335;0.078775209;;812.8;0.127748701;0.048206474;
;;;;;;;;;;813.8666667;0.127746757;0.048160232;
;;;;;;;;;;814.9333333;0.12783161;0.048185937;
;;;;;;;;;;816;0.127898598;0.048248668;
;;;;;;;;;;817.0666667;0.127869515;0.048299143;
;;;;;;;;;;818.1333333;0.127810306;0.048310271;
;;;;;;;;;;819.2;0.127815728;0.048342334;
;;;;;;;;;;820.2666667;0.127927606;0.048401728;
;;;;;;;;;;821.3333333;0.127843755;0.048356635;
;;;;;;;;;;822.4;0.127789573;0.048320457;
;;;;;;;;;;823.4666667;0.127797716;0.048373581;
;;;;;;;;;;824.5333333;0.127931738;0.048435118;
;;;;;;;;;;825.6;0.127899373;0.048416815;
;;;;;;;;;;826.6666667;0.127891563;0.048458577;
;;;;;;;;;;827.7333333;0.127879972;0.048474013;
;;;;;;;;;;828.8;0.127896248;0.048521335;
;;;;;;;;;;829.8666667;0.127783659;0.048450612;
;;;;;;;;;;830.9333333;0.127895316;0.048500872;
;;;;;;;;;;832;0.12787913;0.048509638;
;;;;;;;;;;833.0666667;0.128028283;0.04870119;
;;;;;;;;;;834.1333333;0.127839707;0.048662071;
;;;;;;;;;;835.2;0.127837078;0.048694949;
;;;;;;;;;;836.2666667;0.127895426;0.048760678;
;;;;;;;;;;837.3333333;0.127838913;0.048771317;
;;;;;;;;;;838.4;0.127905471;0.048856902;
;;;;;;;;;;839.4666667;0.127811284;0.04877099;
;;;;;;;;;;840.5333333;0.12781611;0.048817588;
;;;;;;;;;;841.6;0.127868328;0.048880275;
;;;;;;;;;;842.6666667;0.127907184;0.048923736;
;;;;;;;;;;843.7333333;0.127850541;0.048921754;
;;;;;;;;;;844.8;0.127947223;0.048996277;
;;;;;;;;;;845.8666667;0.127834154;0.048918335;
;;;;;;;;;;846.9333333;0.127814742;0.04889947;
;;;;;;;;;;848;0.127863897;0.048953286;
;;;;;;;;;;849.0666667;0.127971576;0.049047639;
;;;;;;;;;;850.1333333;0.127860783;0.049028178;
;;;;;;;;;;851.2;0.12776095;0.048974223;
;;;;;;;;;;852.2666667;0.127823974;0.049026325;
;;;;;;;;;;853.3333333;0.127835342;0.049084728;
;;;;;;;;;;854.4;0.127912777;0.049142359;
;;;;;;;;;;855.4666667;0.127939674;0.049122304;
;;;;;;;;;;856.5333333;0.127815137;0.049064252;
;;;;;;;;;;857.6;0.127987439;0.049145454;
;;;;;;;;;;858.6666667;0.127826368;0.04910948;
;;;;;;;;;;859.7333333;0.127834481;0.049184864;
;;;;;;;;;;860.8;0.12781708;0.049194534;
;;;;;;;;;;861.8666667;0.127878322;0.049263842;
;;;;;;;;;;862.9333333;0.12786377;0.049269785;
;;;;;;;;;;864;0.127865754;0.049303439;
;;;;;;;;;;865.0666667;0.127779975;0.04930375;
;;;;;;;;;;866.1333333;0.127822422;0.049331006;
;;;;;;;;;;867.2;0.127943941;0.049401904;
;;;;;;;;;;868.2666667;0.127937141;0.049413076;
;;;;;;;;;;869.3333333;0.12791075;0.049439724;
;;;;;;;;;;870.4;0.127875927;0.049454034;
;;;;;;;;;;871.4666667;0.127915181;0.049486004;
;;;;;;;;;;872.5333333;0.127813301;0.049482751;
;;;;;;;;;;873.6;0.127940918;0.049516356;
;;;;;;;;;;874.6666667;0.128062199;0.049598601;
;;;;;;;;;;875.7333333;0.127723054;0.049476069;
;;;;;;;;;;876.8;0.127828633;0.049575135;
;;;;;;;;;;877.8666667;0.127918259;0.049620476;
;;;;;;;;;;878.9333333;0.127957363;0.049645674;
;;;;;;;;;;880;0.127977301;0.049655293;
;;;;;;;;;;881.0666667;0.127934782;0.049640702;
;;;;;;;;;;882.1333333;0.127954209;0.049702189;
;;;;;;;;;;883.2;0.127932493;0.049686368;
;;;;;;;;;;884.2666667;0.12795132;0.049747956;
;;;;;;;;;;885.3333333;0.127853548;0.049708589;
;;;;;;;;;;886.4;0.127824313;0.049726281;
;;;;;;;;;;887.4666667;0.127936684;0.04976837;
;;;;;;;;;;888.5333333;0.128014075;0.04986854;
;;;;;;;;;;889.6;0.127912131;0.049834627;
;;;;;;;;;;890.6666667;0.12787316;0.049804281;
;;;;;;;;;;891.7333333;0.127903958;0.049823503;
;;;;;;;;;;892.8;0.127866422;0.049765985;
;;;;;;;;;;893.8666667;0.1279121;0.049861281;
;;;;;;;;;;894.9333333;0.127900871;0.04987197;
;;;;;;;;;;896;0.127949503;0.049904144;
;;;;;;;;;;897.0666667;0.12800232;0.049989452;
;;;;;;;;;;898.1333333;0.128012844;0.0500232;
;;;;;;;;;;899.2;0.127958437;0.050009192;
;;;;;;;;;;900.2666667;0.127936539;0.050028772;
;;;;;;;;;;901.3333333;0.127872744;0.04999878;
;;;;;;;;;;902.4;0.127966506;0.050047815;
;;;;;;;;;;903.4666667;0.127912558;0.05009084;
;;;;;;;;;;904.5333333;0.12791124;0.050074789;
;;;;;;;;;;905.6;0.12798932;0.050128511;
;;;;;;;;;;906.6666667;0.127914186;0.050078283;
;;;;;;;;;;907.7333333;0.127816701;0.050064473;
;;;;;;;;;;908.8;0.12791198;0.050122451;
;;;;;;;;;;909.8666667;0.128038126;0.050190764;
;;;;;;;;;;910.9333333;0.127920592;0.050157411;
;;;;;;;;;;912;0.127969568;0.05026715;
;;;;;;;;;;913.0666667;0.128079157;0.050338766;
;;;;;;;;;;914.1333333;0.128105858;0.050398148;
;;;;;;;;;;915.2;0.127993909;0.050372623;
;;;;;;;;;;916.2666667;0.128067859;0.050379629;
;;;;;;;;;;917.3333333;0.12791866;0.050333064;
;;;;;;;;;;918.4;0.128029165;0.050445378;
;;;;;;;;;;919.4666667;0.127910283;0.050397949;
;;;;;;;;;;920.5333333;0.127978438;0.050429962;
;;;;;;;;;;921.6;0.127965378;0.050422912;
;;;;;;;;;;922.6666667;0.127905632;0.050423014;
;;;;;;;;;;923.7333333;0.128021281;0.050482661;
;;;;;;;;;;924.8;0.12798842;0.050493011;
;;;;;;;;;;925.8666667;0.128081718;0.050560118;
;;;;;;;;;;926.9333333;0.128035351;0.050594858;
;;;;;;;;;;928;0.127930289;0.050561495;
;;;;;;;;;;929.0666667;0.127845869;0.050496067;
;;;;;;;;;;930.1333333;0.127953646;0.050595292;
;;;;;;;;;;931.2;0.127997167;0.05067036;
;;;;;;;;;;932.2666667;0.128043429;0.050663334;
;;;;;;;;;;933.3333333;0.127996282;0.050637038;
;;;;;;;;;;934.4;0.127935421;0.050688511;
;;;;;;;;;;935.4666667;0.127925705;0.050688495;
;;;;;;;;;;936.5333333;0.127983041;0.050728675;
;;;;;;;;;;937.6;0.128037412;0.050780336;
;;;;;;;;;;938.6666667;0.127992609;0.050753174;
;;;;;;;;;;939.7333333;0.128023353;0.050782955;
;;;;;;;;;;940.8;0.127926817;0.050727595;
;;;;;;;;;;941.8666667;0.127926224;0.050811587;
;;;;;;;;;;942.9333333;0.1280071;0.050870598;
;;;;;;;;;;944;0.127998526;0.050791996;
;;;;;;;;;;945.0666667;0.127998352;0.050857499;
;;;;;;;;;;946.1333333;0.128096659;0.050931711;
;;;;;;;;;;947.2;0.127967992;0.050874942;
;;;;;;;;;;948.2666667;0.127979066;0.050893171;
;;;;;;;;;;949.3333333;0.127943175;0.050973509;
;;;;;;;;;;950.4;0.127925362;0.050995436;
;;;;;;;;;;951.4666667;0.128015372;0.05112955;
;;;;;;;;;;952.5333333;0.12799385;0.051060815;
;;;;;;;;;;953.6;0.127903855;0.051085466;
;;;;;;;;;;954.6666667;0.127837639;0.051105009;
;;;;;;;;;;955.7333333;0.127805163;0.051242664;
;;;;;;;;;;956.8;0.127773907;0.051267031;
;;;;;;;;;;957.8666667;0.127741929;0.051349566;
;;;;;;;;;;958.9333333;0.127767441;0.051379518;
;;;;;;;;;;960;0.127838445;0.05142898;
;;;;;;;;;;961.0666667;0.127615825;0.051370257;
;;;;;;;;;;962.1333333;0.127701078;0.051419324;
;;;;;;;;;;963.2;0.127702065;0.051425837;
;;;;;;;;;;964.2666667;0.127629563;0.051399871;
;;;;;;;;;;965.3333333;0.127719903;0.051447674;
;;;;;;;;;;966.4;0.1276585;0.051514583;
;;;;;;;;;;967.4666667;0.127611422;0.051441822;
;;;;;;;;;;968.5333333;0.127683282;0.051463702;
;;;;;;;;;;969.6;0.127621138;0.051406025;
;;;;;;;;;;970.6666667;0.127687919;0.051541736;
;;;;;;;;;;971.7333333;0.127676703;0.051562042;
;;;;;;;;;;972.8;0.127698259;0.051582239;
;;;;;;;;;;973.8666667;0.127750354;0.051563363;
;;;;;;;;;;974.9333333;0.127611401;0.051638969;
;;;;;;;;;;976;0.127529926;0.05166267;
;;;;;;;;;;977.0666667;0.127637382;0.051700509;
;;;;;;;;;;978.1333333;0.127637628;0.051691404;
;;;;;;;;;;979.2;0.127575821;0.051759334;
;;;;;;;;;;980.2666667;0.127516059;0.051773391;
;;;;;;;;;;981.3333333;0.127614593;0.051738659;
;;;;;;;;;;982.4;0.127613076;0.05183526;
;;;;;;;;;;983.4666667;0.127582141;0.05188083;
;;;;;;;;;;984.5333333;0.127515095;0.051919108;
;;;;;;;;;;985.6;0.127524347;0.051952117;
;;;;;;;;;;986.6666667;0.127587712;0.051978932;
;;;;;;;;;;987.7333333;0.127523209;0.051939176;
;;;;;;;;;;988.8;0.12758418;0.051977431;
;;;;;;;;;;989.8666667;0.127630814;0.051986817;
;;;;;;;;;;990.9333333;0.127532171;0.051976968;
;;;;;;;;;;992;0.127496948;0.052068118;
;;;;;;;;;;993.0666667;0.127350208;0.052045764;
;;;;;;;;;;994.1333333;0.127315379;0.052067173;
;;;;;;;;;;995.2;0.127512912;0.05211964;
;;;;;;;;;;996.2666667;0.127535928;0.052115217;
;;;;;;;;;;997.3333333;0.127440497;0.052075291;
;;;;;;;;;;998.4;0.127470011;0.052185275;
;;;;;;;;;;999.4666667;0.127494633;0.052231837;
;;;;;;;;;;1000.533333;0.12732495;0.052206859;
;;;;;;;;;;1001.6;0.127421425;0.052250702;
;;;;;;;;;;1002.666667;0.12755577;0.052266201;
;;;;;;;;;;1003.733333;0.127498036;0.052263894;
;;;;;;;;;;1004.8;0.127487092;0.052273958;
;;;;;;;;;;1005.866667;0.127461103;0.052261805;
;;;;;;;;;;1006.933333;0.127611586;0.052271083;
;;;;;;;;;;1008;0.127578381;0.052386492;
;;;;;;;;;;1009.066667;0.127378144;0.052363007;
;;;;;;;;;;1010.133333;0.127468282;0.052429539;
;;;;;;;;;;1011.2;0.127500388;0.05251028;
;;;;;;;;;;1012.266667;0.127700104;0.052561251;
;;;;;;;;;;1013.333333;0.127660587;0.052544972;
;;;;;;;;;;1014.4;0.127774039;0.052581107;
;;;;;;;;;;1015.466667;0.127620222;0.052652044;
;;;;;;;;;;1016.533333;0.127556939;0.052646855;
;;;;;;;;;;1017.6;0.12758599;0.052566952;
;;;;;;;;;;1018.666667;0.12752627;0.052613831;
;;;;;;;;;;1019.733333;0.127593386;0.052667236;
;;;;;;;;;;1020.8;0.127475182;0.052636249;
;;;;;;;;;;1021.866667;0.12756659;0.052667297;
;;;;;;;;;;1022.933333;0.127604901;0.052731941;
;;;;;;;;;;1024;0.12754124;0.052762826;
;;;;;;;;;;1025.066667;0.127534738;0.052768275;
;;;;;;;;;;1026.133333;0.127544615;0.052885887;
;;;;;;;;;;1027.2;0.127527505;0.05285872;
;;;;;;;;;;1028.266667;0.127515373;0.052901532;
;;;;;;;;;;1029.333333;0.127551263;0.05292018;
;;;;;;;;;;1030.4;0.127527949;0.052939031;
;;;;;;;;;;1031.466667;0.127542443;0.052958196;
;;;;;;;;;;1032.533333;0.127516301;0.052950274;
;;;;;;;;;;1033.6;0.127541306;0.052945549;
;;;;;;;;;;1034.666667;0.127655716;0.052998043;
;;;;;;;;;;1035.733333;0.127555717;0.052959081;
;;;;;;;;;;1036.8;0.127515572;0.052943254;
;;;;;;;;;;1037.866667;0.127547193;0.05295514;
;;;;;;;;;;1038.933333;0.127566239;0.052982726;
;;;;;;;;;;1040;0.127537831;0.052980937;
;;;;;;;;;;1041.066667;0.127570428;0.053010047;
;;;;;;;;;;1042.133333;0.127560147;0.052981129;
;;;;;;;;;;1043.2;0.127531183;0.052978736;
;;;;;;;;;;1044.266667;0.127544287;0.052981475;
;;;;;;;;;;1045.333333;0.127549786;0.052984605;
;;;;;;;;;;1046.4;0.127609842;0.052991077;
;;;;;;;;;;1047.466667;0.12748274;0.052960575;
;;;;;;;;;;1048.533333;0.127571435;0.052963161;
;;;;;;;;;;1049.6;0.12760529;0.052997026;
;;;;;;;;;;1050.666667;0.127663329;0.053060624;
;;;;;;;;;;1051.733333;0.127634436;0.053048559;
;;;;;;;;;;1052.8;0.127661157;0.053085604;
;;;;;;;;;;1053.866667;0.127700162;0.053105255;
;;;;;;;;;;1054.933333;0.127666724;0.053114997;
;;;;;;;;;;1056;0.127637123;0.053105796;
;;;;;;;;;;1057.066667;0.127598212;0.053103055;
;;;;;;;;;;1058.133333;0.127714423;0.053160651;
;;;;;;;;;;1059.2;0.127743414;0.053228467;
;;;;;;;;;;1060.266667;0.127727393;0.053218695;
;;;;;;;;;;1061.333333;0.127659774;0.053225703;
;;;;;;;;;;1062.4;0.127689069;0.053252589;
;;;;;;;;;;1063.466667;0.127731811;0.053287842;
;;;;;;;;;;1064.533333;0.127739906;0.053280172;
;;;;;;;;;;1065.6;0.127687667;0.053259136;
;;;;;;;;;;1066.666667;0.127707996;0.053263268;
;;;;;;;;;;1067.733333;0.127686366;0.053381412;
;;;;;;;;;;1068.8;0.127764257;0.053423262;
;;;;;;;;;;1069.866667;0.127746858;0.053490652;
;;;;;;;;;;1070.933333;0.127676919;0.053510484;
;;;;;;;;;;1072;0.127639039;0.05351257;
;;;;;;;;;;1073.066667;0.12760424;0.053554915;
;;;;;;;;;;1074.133333;0.127577162;0.053627998;
;;;;;;;;;;1075.2;0.127702841;0.053658544;
;;;;;;;;;;1076.266667;0.12763173;0.053678943;
;;;;;;;;;;1077.333333;0.127704465;0.05369774;
;;;;;;;;;;1078.4;0.127706362;0.053791552;
;;;;;;;;;;1079.466667;0.127725035;0.053777978;
;;;;;;;;;;1080.533333;0.127728209;0.053709832;
;;;;;;;;;;1081.6;0.127683271;0.053747823;
;;;;;;;;;;1082.666667;0.127713154;0.053766584;
;;;;;;;;;;1083.733333;0.127709474;0.053789277;
;;;;;;;;;;1084.8;0.127732626;0.053829163;
;;;;;;;;;;1085.866667;0.127695625;0.053829987;
;;;;;;;;;;1086.933333;0.127735253;0.053859595;
;;;;;;;;;;1088;0.127724367;0.053880091;
;;;;;;;;;;1089.066667;0.127767767;0.053953061;
;;;;;;;;;;1090.133333;0.127757486;0.053958217;
;;;;;;;;;;1091.2;0.127713351;0.053943937;
;;;;;;;;;;1092.266667;0.127729361;0.053961157;
;;;;;;;;;;1093.333333;0.127737909;0.054002813;
;;;;;;;;;;1094.4;0.127699198;0.054040645;
;;;;;;;;;;1095.466667;0.127733316;0.054059142;
;;;;;;;;;;1096.533333;0.127726598;0.054065952;
;;;;;;;;;;1097.6;0.127715118;0.054058932;
;;;;;;;;;;1098.666667;0.127809754;0.054114827;
;;;;;;;;;;1099.733333;0.127768087;0.054108991;
;;;;;;;;;;1100.8;0.127707583;0.054091673;
;;;;;;;;;;1101.866667;0.127711705;0.054088985;
;;;;;;;;;;1102.933333;0.127733229;0.054165558;
;;;;;;;;;;1104;0.127723341;0.054127513;
;;;;;;;;;;1105.066667;0.127695648;0.054170791;
;;;;;;;;;;1106.133333;0.127705828;0.054164952;
;;;;;;;;;;1107.2;0.12772469;0.054220111;
;;;;;;;;;;1108.266667;0.127688654;0.054242398;
;;;;;;;;;;1109.333333;0.127730713;0.054265024;
;;;;;;;;;;1110.4;0.127726085;0.054289374;
;;;;;;;;;;1111.466667;0.127699629;0.054346104;
;;;;;;;;;;1112.533333;0.127678249;0.054422307;
;;;;;;;;;;1113.6;0.127731412;0.054511456;
;;;;;;;;;;1114.666667;0.127733932;0.05454492;
;;;;;;;;;;1115.733333;0.127683964;0.054588768;
;;;;;;;;;;1116.8;0.127672032;0.05463865;
;;;;;;;;;;1117.866667;0.127674918;0.054651182;
;;;;;;;;;;1118.933333;0.127630571;0.054723271;
;;;;;;;;;;1120;0.127661578;0.054786871;
;;;;;;;;;;1121.066667;0.127642171;0.054813135;
;;;;;;;;;;1122.133333;0.127651907;0.05482027;
;;;;;;;;;;1123.2;0.127670993;0.054834822;
;;;;;;;;;;1124.266667;0.127662817;0.054838536;
;;;;;;;;;;1125.333333;0.127648079;0.054823612;
;;;;;;;;;;1126.4;0.127671958;0.054856518;
;;;;;;;;;;1127.466667;0.127662237;0.054840699;
;;;;;;;;;;1128.533333;0.127631749;0.054880084;
;;;;;;;;;;1129.6;0.127610368;0.054917909;
;;;;;;;;;;1130.666667;0.127624507;0.054922261;
;;;;;;;;;;1131.733333;0.127647942;0.054925552;
;;;;;;;;;;1132.8;0.127668522;0.054940297;
;;;;;;;;;;1133.866667;0.127670303;0.054953951;
;;;;;;;;;;1134.933333;0.127669013;0.054946583;
;;;;;;;;;;1136;0.127645962;0.054952014;
;;;;;;;;;;1137.066667;0.127666164;0.054975015;
;;;;;;;;;;1138.133333;0.127656289;0.054951457;
;;;;;;;;;;1139.2;0.127653416;0.054945054;
;;;;;;;;;;1140.266667;0.127649454;0.054954345;
;;;;;;;;;;1141.333333;0.127660098;0.054969208;
;;;;;;;;;;1142.4;0.127666415;0.054959975;
;;;;;;;;;;1143.466667;0.127639703;0.054941509;
;;;;;;;;;;1144.533333;0.127661037;0.054955199;
;;;;;;;;;;1145.6;0.127686613;0.055032955;
;;;;;;;;;;1146.666667;0.127630738;0.055001578;
;;;;;;;;;;1147.733333;0.127654901;0.055054611;
;;;;;;;;;;1148.8;0.127656515;0.055081679;
;;;;;;;;;;1149.866667;0.127663546;0.05511847;
;;;;;;;;;;1150.933333;0.127657236;0.055111321;
;;;;;;;;;;1152;0.127643086;0.05512823;
;;;;;;;;;;1153.066667;0.127645265;0.055113337;
;;;;;;;;;;1154.133333;0.127657182;0.055148913;
;;;;;;;;;;1155.2;0.127623145;0.055185814;
;;;;;;;;;;1156.266667;0.127633162;0.055222848;
;;;;;;;;;;1157.333333;0.127605577;0.055184662;
;;;;;;;;;;1158.4;0.127606424;0.055196293;
;;;;;;;;;;1159.466667;0.127587449;0.055155848;
;;;;;;;;;;1160.533333;0.127607807;0.055198833;
;;;;;;;;;;1161.6;0.127606284;0.055211205;
;;;;;;;;;;1162.666667;0.127614711;0.055188722;
;;;;;;;;;;1163.733333;0.127616493;0.055200804;
;;;;;;;;;;1164.8;0.127593768;0.055206564;
;;;;;;;;;;1165.866667;0.127617282;0.055203268;
;;;;;;;;;;1166.933333;0.127612897;0.055210997;
;;;;;;;;;;1168;0.127611518;0.055200239;
;;;;;;;;;;1169.066667;0.127621687;0.055229921;
;;;;;;;;;;1170.133333;0.127569721;0.055328052;
;;;;;;;;;;1171.2;0.127607547;0.055264858;
;;;;;;;;;;1172.266667;0.127571616;0.055334251;
;;;;;;;;;;1173.333333;0.127628271;0.055325969;
;;;;;;;;;;1174.4;0.127623047;0.055376363;
;;;;;;;;;;1175.466667;0.127601624;0.055419779;
;;;;;;;;;;1176.533333;0.127679839;0.055497475;
;;;;;;;;;;1177.6;0.127719189;0.055484918;
;;;;;;;;;;1178.666667;0.127659893;0.055467748;
;;;;;;;;;;1179.733333;0.126457064;0.055738359;
;;;;;;;;;;1180.8;0.126471686;0.055730563;
;;;;;;;;;;1181.866667;0.127634111;0.055421309;
;;;;;;;;;;1182.933333;0.127637502;0.055451592;
;;;;;;;;;;1184;0.127618646;0.055473355;
;;;;;;;;;;1185.066667;0.127629025;0.055479147;
;;;;;;;;;;1186.133333;0.127612877;0.055521641;
;;;;;;;;;;1187.2;0.127601804;0.055538624;
;;;;;;;;;;1188.266667;0.127639537;0.055608897;
;;;;;;;;;;1189.333333;0.127647131;0.055643996;
;;;;;;;;;;1190.4;0.127656973;0.055690232;
;;;;;;;;;;1191.466667;0.127637152;0.055765311;
;;;;;;;;;;1192.533333;0.127639295;0.055630494;
;;;;;;;;;;1193.6;0.127633096;0.055633283;
;;;;;;;;;;1194.666667;0.127630087;0.055668006;
;;;;;;;;;;1195.733333;0.127689494;0.055920352;
;;;;;;;;;;1196.8;0.127772268;0.056338441;
;;;;;;;;;;1197.866667;0.127657438;0.055753058;
;;;;;;;;;;1198.933333;0.12770573;0.055741783;
;;;;;;;;;;1200;0.127704703;0.055763883;
;;;;;;;;;;1201.066667;0.127685093;0.055862748;
;;;;;;;;;;1202.133333;0.127736137;0.055864958;
;;;;;;;;;;1203.2;0.127729277;0.055899599;
;;;;;;;;;;1204.266667;0.127719923;0.055915991;
;;;;;;;;;;1205.333333;0.127713915;0.055929448;
;;;;;;;;;;1206.4;0.127712987;0.056037653;
;;;;;;;;;;1207.466667;0.127847549;0.056480154;
;;;;;;;;;;1208.533333;0.127777623;0.056037081;
;;;;;;;;;;1209.6;0.12777226;0.056046665;
;;;;;;;;;;1210.666667;0.12704471;0.056422425;
;;;;;;;;;;1211.733333;0.126976375;0.056435184;
;;;;;;;;;;1212.8;0.127763619;0.056074202;
;;;;;;;;;;1213.866667;0.127756471;0.056072103;
;;;;;;;;;;1214.933333;0.127756872;0.056135788;
;;;;;;;;;;1216;0.127726169;0.056204451;
;;;;;;;;;;1217.066667;0.127703516;0.056226262;
;;;;;;;;;;1218.133333;0.127716499;0.05620661;
;;;;;;;;;;1219.2;0.127700235;0.056245192;
;;;;;;;;;;1220.266667;0.127676397;0.056244117;
;;;;;;;;;;1221.333333;0.127686141;0.056306647;
;;;;;;;;;;1222.4;0.127714623;0.056363695;
;;;;;;;;;;1223.466667;0.126655817;0.056987688;
;;;;;;;;;;1224.533333;0.126802634;0.056880442;
;;;;;;;;;;1225.6;0.126969621;0.056713317;
;;;;;;;;;;1226.666667;0.127690808;0.056355599;
;;;;;;;;;;1227.733333;0.127682814;0.056341237;
;;;;;;;;;;1228.8;0.12767981;0.056356338;
;;;;;;;;;;1229.866667;0.127691266;0.056370626;
;;;;;;;;;;1230.933333;0.127691305;0.056379164;
;;;;;;;;;;1232;0.127681214;0.056371851;
;;;;;;;;;;1233.066667;0.12769098;0.056382705;
;;;;;;;;;;1234.133333;0.127675266;0.056466751;
;;;;;;;;;;1235.2;0.126947758;0.057085532;
;;;;;;;;;;1236.266667;0.127697818;0.056687381;
;;;;;;;;;;1237.333333;0.127618507;0.056640728;
;;;;;;;;;;1238.4;0.127675005;0.056660779;
;;;;;;;;;;1239.466667;0.127898009;0.056607061;
;;;;;;;;;;1240.533333;0.127790515;0.056539298;
;;;;;;;;;;1241.6;0.127709519;0.056532503;
;;;;;;;;;;1242.666667;0.127662047;0.056733625;
;;;;;;;;;;1243.733333;0.127669349;0.056501679;
;;;;;;;;;;1244.8;0.127662059;0.056541025;
;;;;;;;;;;1245.866667;0.127682345;0.056534728;
;;;;;;;;;;1246.933333;0.127712893;0.056582252;
;;;;;;;;;;1248;0.127748725;0.056615091;
;;;;;;;;;;1249.066667;0.127676143;0.056663072;
;;;;;;;;;;1250.133333;0.127674166;0.05662273;
;;;;;;;;;;1251.2;0.127655908;0.056622679;
;;;;;;;;;;1252.266667;0.127665906;0.056627239;
;;;;;;;;;;1253.333333;0.127652959;0.056634569;
;;;;;;;;;;1254.4;0.127630467;0.056658977;
;;;;;;;;;;1255.466667;0.127642562;0.056662673;
;;;;;;;;;;1256.533333;0.127645899;0.056652135;
;;;;;;;;;;1257.6;0.127649655;0.056664872;
;;;;;;;;;;1258.666667;0.127619996;0.056676787;
;;;;;;;;;;1259.733333;0.127626787;0.056662373;
;;;;;;;;;;1260.8;0.127632404;0.056660294;
;;;;;;;;;;1261.866667;0.127627394;0.056683274;
;;;;;;;;;;1262.933333;0.127619404;0.056658092;
;;;;;;;;;;1264;0.127621063;0.056664818;
;;;;;;;;;;1265.066667;0.127639652;0.056672823;
;;;;;;;;;;1266.133333;0.12763298;0.056669675;
;;;;;;;;;;1267.2;0.127628067;0.056668808;
;;;;;;;;;;1268.266667;0.127635148;0.056683148;
;;;;;;;;;;1269.333333;0.127636083;0.056680561;
;;;;;;;;;;1270.4;0.127639726;0.056657793;
;;;;;;;;;;1271.466667;0.127640159;0.056684383;
;;;;;;;;;;1272.533333;0.127634884;0.05670261;
;;;;;;;;;;1273.6;0.127631259;0.056706964;
;;;;;;;;;;1274.666667;0.127628932;0.056726749;
;;;;;;;;;;1275.733333;0.127633423;0.056746736;
;;;;;;;;;;1276.8;0.127639337;0.056711071;
;;;;;;;;;;1277.866667;0.12763741;0.056701118;
;;;;;;;;;;1278.933333;0.127637078;0.056657248;
;;;;;;;;;;1280;0.127624626;0.056644498;
;;;;;;;;;;1281.066667;0.127631532;0.056639492;
;;;;;;;;;;1282.133333;0.127629012;0.056633621;
;;;;;;;;;;1283.2;0.12763566;0.056616231;
;;;;;;;;;;1284.266667;0.127614358;0.056601777;
;;;;;;;;;;1285.333333;0.127615944;0.056613762;
;;;;;;;;;;1286.4;0.127641446;0.056595292;
;;;;;;;;;;1287.466667;0.127637327;0.056617248;
;;;;;;;;;;1288.533333;0.127648672;0.056629945;
;;;;;;;;;;1289.6;0.127642227;0.056619109;
;;;;;;;;;;1290.666667;0.127640019;0.056625807;
;;;;;;;;;;1291.733333;0.127660107;0.05662716;
;;;;;;;;;;1292.8;0.127656313;0.056636089;
;;;;;;;;;;1293.866667;0.127664643;0.056642519;
;;;;;;;;;;1294.933333;0.127659553;0.056636186;
;;;;;;;;;;1296;0.127646405;0.056635017;
;;;;;;;;;;1297.066667;0.127644702;0.056636191;
;;;;;;;;;;1298.133333;0.127648021;0.056631054;
;;;;;;;;;;1299.2;0.127648925;0.056630103;
;;;;;;;;;;1300.266667;0.127643594;0.056646543;
;;;;;;;;;;1301.333333;0.127636515;0.056638382;
;;;;;;;;;;1302.4;0.127623029;0.05663753;
;;;;;;;;;;1303.466667;0.127640929;0.056628125;
;;;;;;;;;;1304.533333;0.127640103;0.056650325;
;;;;;;;;;;1305.6;0.127637753;0.056636244;
;;;;;;;;;;1306.666667;0.127646058;0.056650644;
;;;;;;;;;;1307.733333;0.127657066;0.056654012;
;;;;;;;;;;1308.8;0.127661297;0.056649864;
;;;;;;;;;;1309.866667;0.127666837;0.056647711;
;;;;;;;;;;1310.933333;0.127640153;0.056664803;
;;;;;;;;;;1312;0.127662177;0.056648536;
;;;;;;;;;;1313.066667;0.127650372;0.056666672;
;;;;;;;;;;1314.133333;0.127658284;0.056660062;
;;;;;;;;;;1315.2;0.127654469;0.056669911;
;;;;;;;;;;1316.266667;0.127656425;0.056676906;
;;;;;;;;;;1317.333333;0.127664181;0.056672003;
;;;;;;;;;;1318.4;0.127668966;0.056664585;
;;;;;;;;;;1319.466667;0.127664749;0.056671146;
;;;;;;;;;;1320.533333;0.127654133;0.056669565;
;;;;;;;;;;1321.6;0.127643109;0.056676403;
;;;;;;;;;;1322.666667;0.127633387;0.056723328;
;;;;;;;;;;1323.733333;0.127651477;0.056703019;
;;;;;;;;;;1324.8;0.127655513;0.056717935;
;;;;;;;;;;1325.866667;0.127679423;0.056726121;
;;;;;;;;;;1326.933333;0.127672894;0.056720498;
;;;;;;;;;;1328;0.127645197;0.056740078;
;;;;;;;;;;1329.066667;0.12766977;0.056762216;
;;;;;;;;;;1330.133333;0.127652652;0.05679851;
;;;;;;;;;;1331.2;0.127624665;0.056771006;
;;;;;;;;;;1332.266667;0.127652932;0.056807474;
;;;;;;;;;;1333.333333;0.127656415;0.056847181;
;;;;;;;;;;1334.4;0.127667679;0.056916453;
;;;;;;;;;;1335.466667;0.127606818;0.056912654;
;;;;;;;;;;1336.533333;0.127631256;0.056946465;
;;;;;;;;;;1337.6;0.127537895;0.056936704;
;;;;;;;;;;1338.666667;0.127632198;0.057001181;
;;;;;;;;;;1339.733333;0.127606108;0.057039604;
;;;;;;;;;;1340.8;0.12763602;0.057063841;
;;;;;;;;;;1341.866667;0.127616801;0.057070607;
;;;;;;;;;;1342.933333;0.127636801;0.057077987;
;;;;;;;;;;1344;0.127716997;0.057120967;
;;;;;;;;;;1345.066667;0.127590016;0.057092202;
;;;;;;;;;;1346.133333;0.127703029;0.057133377;
;;;;;;;;;;1347.2;0.127673694;0.057150824;
;;;;;;;;;;1348.266667;0.127659921;0.057157211;
;;;;;;;;;;1349.333333;0.127628533;0.057211412;
;;;;;;;;;;1350.4;0.127572624;0.057214733;
;;;;;;;;;;1351.466667;0.127569105;0.057196724;
;;;;;;;;;;1352.533333;0.127758025;0.057323631;
;;;;;;;;;;1353.6;0.127659118;0.057346152;
;;;;;;;;;;1354.666667;0.127439929;0.057277883;
;;;;;;;;;;1355.733333;0.127677467;0.057418408;
;;;;;;;;;;1356.8;0.127439711;0.057301577;
;;;;;;;;;;1357.866667;0.127607783;0.057431611;
;;;;;;;;;;1358.933333;0.127684285;0.057505047;
;;;;;;;;;;1360;0.127538885;0.057428758;
;;;;;;;;;;1361.066667;0.12742885;0.05737954;
;;;;;;;;;;1362.133333;0.127726907;0.05756767;
;;;;;;;;;;1363.2;0.127733353;0.057550228;
;;;;;;;;;;1364.266667;0.127779228;0.057603798;
;;;;;;;;;;1365.333333;0.127619667;0.057360633;
;;;;;;;;;;1366.4;0.127604795;0.0572649;
;;;;;;;;;;1367.466667;0.127354144;0.057181758;
;;;;;;;;;;1368.533333;0.127608203;0.057313196;
;;;;;;;;;;1369.6;0.127537611;0.057250332;
;;;;;;;;;;1370.666667;0.127520596;0.057283637;
;;;;;;;;;;1371.733333;0.127645921;0.05735788;
;;;;;;;;;;1372.8;0.12780668;0.05749019;
;;;;;;;;;;1373.866667;0.127828376;0.057576659;
;;;;;;;;;;1374.933333;0.127577738;0.057480845;
;;;;;;;;;;1376;0.127523678;0.05749703;
;;;;;;;;;;1377.066667;0.127709549;0.057520499;
;;;;;;;;;;1378.133333;0.127597755;0.05747613;
;;;;;;;;;;1379.2;0.127438751;0.057377519;
;;;;;;;;;;1380.266667;0.127746275;0.05753647;
;;;;;;;;;;1381.333333;0.127623357;0.057463366;
;;;;;;;;;;1382.4;0.127693468;0.05751561;
;;;;;;;;;;1383.466667;0.127952549;0.057641448;
;;;;;;;;;;1384.533333;0.12748608;0.057439328;
;;;;;;;;;;1385.6;0.127517741;0.057471537;
;;;;;;;;;;1386.666667;0.127366205;0.057402842;
;;;;;;;;;;1387.733333;0.128073509;0.057822987;
;;;;;;;;;;1388.8;0.12759179;0.057547768;
;;;;;;;;;;1389.866667;0.127325813;0.057484569;
;;;;;;;;;;1390.933333;0.127742443;0.05772102;
;;;;;;;;;;1392;0.127609995;0.057725512;
;;;;;;;;;;1393.066667;0.127210247;0.057624263;
;;;;;;;;;;1394.133333;0.127368038;0.057644375;
;;;;;;;;;;1395.2;0.127592566;0.057760426;
;;;;;;;;;;1396.266667;0.127647695;0.057791399;
;;;;;;;;;;1397.333333;0.12755375;0.05774899;
;;;;;;;;;;1398.4;0.127698689;0.057873944;
;;;;;;;;;;1399.466667;0.127551349;0.057748205;
;;;;;;;;;;1400.533333;0.127696234;0.05783412;
;;;;;;;;;;1401.6;0.127865257;0.057955532;
;;;;;;;;;;1402.666667;0.127598396;0.057852005;
;;;;;;;;;;1403.733333;0.12723647;0.057717161;
;;;;;;;;;;1404.8;0.127694272;0.057988633;
;;;;;;;;;;1405.866667;0.127578;0.057998671;
;;;;;;;;;;1406.933333;0.127820075;0.058123287;
;;;;;;;;;;1408;0.127178533;0.057823401;
;;;;;;;;;;1409.066667;0.127673943;0.058095942;
;;;;;;;;;;1410.133333;0.127915072;0.058265586;
;;;;;;;;;;1411.2;0.127135496;0.057974616;
;;;;;;;;;;1412.266667;0.127121529;0.058004348;
;;;;;;;;;;1413.333333;0.127181911;0.058010713;
;;;;;;;;;;1414.4;0.127460673;0.05819455;
;;;;;;;;;;1415.466667;0.127169162;0.058074734;
;;;;;;;;;;1416.533333;0.127660022;0.058307969;
;;;;;;;;;;1417.6;0.127637521;0.058293953;
;;;;;;;;;;1418.666667;0.127145349;0.058020004;
;;;;;;;;;;1419.733333;0.127245721;0.057924655;
;;;;;;;;;;1420.8;0.127447679;0.0579868;
;;;;;;;;;;1421.866667;0.127543897;0.05802507;
;;;;;;;;;;1422.933333;0.126947689;0.057748407;
;;;;;;;;;;1424;0.126756994;0.057588422;
;;;;;;;;;;1425.066667;0.127330098;0.057871072;
;;;;;;;;;;1426.133333;0.127020404;0.057741068;
;;;;;;;;;;1427.2;0.12725591;0.057850769;
;;;;;;;;;;1428.266667;0.127677375;0.058076659;
;;;;;;;;;;1429.333333;0.127663832;0.058096107;
;;;;;;;;;;1430.4;0.127498008;0.058053283;
;;;;;;;;;;1431.466667;0.12733618;0.057924398;
;;;;;;;;;;1432.533333;0.127693731;0.058117414;
;;;;;;;;;;1433.6;0.12763132;0.058119645;
;;;;;;;;;;1434.666667;0.127886278;0.058253722;
;;;;;;;;;;1435.733333;0.127757354;0.058206565;
;;;;;;;;;;1436.8;0.127150566;0.057919401;
;;;;;;;;;;1437.866667;0.12740672;0.058049207;
;;;;;;;;;;1438.933333;0.127436629;0.058010191;
;;;;;;;;;;1440;0.127654362;0.058156943;
;;;;;;;;;;1441.066667;0.127421165;0.058050666;
;;;;;;;;;;1442.133333;0.127615481;0.058120755;
;;;;;;;;;;1443.2;0.127874642;0.058335812;
;;;;;;;;;;1444.266667;0.127549761;0.058171254;
;;;;;;;;;;1445.333333;0.127629065;0.058230981;
;;;;;;;;;;1446.4;0.127560807;0.058171728;
;;;;;;;;;;1447.466667;0.127483188;0.058187027;
;;;;;;;;;;1448.533333;0.127266553;0.058133147;
;;;;;;;;;;1449.6;0.12781359;0.058350421;
;;;;;;;;;;1450.666667;0.12767097;0.058307217;
;;;;;;;;;;1451.733333;0.127440629;0.058211223;
;;;;;;;;;;1452.8;0.127389472;0.05819068;
;;;;;;;;;;1453.866667;0.127517774;0.05830849;
;;;;;;;;;;1454.933333;0.127568925;0.058333259;
;;;;;;;;;;1456;0.127917447;0.058482182;
;;;;;;;;;;1457.066667;0.127746019;0.058411091;
;;;;;;;;;;1458.133333;0.12787788;0.058488681;
;;;;;;;;;;1459.2;0.127645277;0.058388472;
;;;;;;;;;;1460.266667;0.127575242;0.058404659;
;;;;;;;;;;1461.333333;0.12788944;0.058549621;
;;;;;;;;;;1462.4;0.127258617;0.058262883;
;;;;;;;;;;1463.466667;0.12729764;0.058355956;
;;;;;;;;;;1464.533333;0.127156906;0.058300601;
;;;;;;;;;;1465.6;0.127147159;0.058403695;
;;;;;;;;;;1466.666667;0.127500377;0.058622748;
;;;;;;;;;;1467.733333;0.126877479;0.058346603;
;;;;;;;;;;1468.8;0.127220766;0.058552699;
;;;;;;;;;;1469.866667;0.127395107;0.058657813;
;;;;;;;;;;1470.933333;0.127509423;0.058752905;
;;;;;;;;;;1472;0.127422097;0.058714471;
;;;;;;;;;;1473.066667;0.128035369;0.058988601;
;;;;;;;;;;1474.133333;0.127398432;0.058761787;
;;;;;;;;;;1475.2;0.1272243;0.058702564;
;;;;;;;;;;1476.266667;0.127287958;0.058810278;
;;;;;;;;;;1477.333333;0.127733927;0.059012715;
;;;;;;;;;;1478.4;0.127694206;0.058993036;
;;;;;;;;;;1479.466667;0.127312902;0.058868602;
;;;;;;;;;;1480.533333;0.12743385;0.058931503;
;;;;;;;;;;1481.6;0.127437855;0.058966316;
;;;;;;;;;;1482.666667;0.1278901;0.059198728;
;;;;;;;;;;1483.733333;0.127435424;0.059007893;
;;;;;;;;;;1484.8;0.127300321;0.058970407;
;;;;;;;;;;1485.866667;0.127435257;0.059051785;
;;;;;;;;;;1486.933333;0.127504748;0.05911249;
;;;;;;;;;;1488;0.12723448;0.058992237;
;;;;;;;;;;1489.066667;0.12721056;0.059011927;
;;;;;;;;;;1490.133333;0.127114559;0.058977592;
;;;;;;;;;;1491.2;0.127315383;0.059082677;
;;;;;;;;;;1492.266667;0.127731653;0.059361795;
;;;;;;;;;;1493.333333;0.127339388;0.05919448;
;;;;;;;;;;1494.4;0.127354157;0.059192917;
;;;;;;;;;;1495.466667;0.12716865;0.059060926;
;;;;;;;;;;1496.533333;0.127294647;0.059094163;
;;;;;;;;;;1497.6;0.127280933;0.059063365;
;;;;;;;;;;1498.666667;0.127686677;0.059395891;
;;;;;;;;;;1499.733333;0.127734006;0.059309879;
;;;;;;;;;;1500.8;0.127405114;0.059203495;
;;;;;;;;;;1501.866667;0.127489157;0.059139271;
;;;;;;;;;;1502.933333;0.128151634;0.059372518;
;;;;;;;;;;1504;0.127595108;0.059168405;
;;;;;;;;;;1505.066667;0.127303259;0.059002201;
;;;;;;;;;;1506.133333;0.127642071;0.059289575;
;;;;;;;;;;1507.2;0.126644554;0.059003705;
;;;;;;;;;;1508.266667;0.127260829;0.059268179;
;;;;;;;;;;1509.333333;0.127632648;0.059333486;
;;;;;;;;;;1510.4;0.127287045;0.059132585;
;;;;;;;;;;1511.466667;0.127444296;0.05917124;
;;;;;;;;;;1512.533333;0.127414277;0.059273346;
;;;;;;;;;;1513.6;0.127300739;0.059210855;
;;;;;;;;;;1514.666667;0.127665142;0.059317443;
;;;;;;;;;;1515.733333;0.12746304;0.05943897;
;;;;;;;;;;1516.8;0.127301702;0.059397287;
;;;;;;;;;;1517.866667;0.127082519;0.059265518;
;;;;;;;;;;1518.933333;0.12800747;0.059644509;
;;;;;;;;;;1520;0.127589428;0.059494135;
;;;;;;;;;;1521.066667;0.127766625;0.059597881;
;;;;;;;;;;1522.133333;0.127779529;0.059538146;
;;;;;;;;;;1523.2;0.12714197;0.059274077;
;;;;;;;;;;1524.266667;0.127584701;0.059443469;
;;;;;;;;;;1525.333333;0.127806005;0.059577852;
;;;;;;;;;;1526.4;0.127660157;0.059521925;
;;;;;;;;;;1527.466667;0.127389684;0.059394867;
;;;;;;;;;;1528.533333;0.127294735;0.05934259;
;;;;;;;;;;1529.6;0.127255521;0.059300968;
;;;;;;;;;;1530.666667;0.127156505;0.059216874;
;;;;;;;;;;1531.733333;0.127165085;0.059159325;
;;;;;;;;;;1532.8;0.127421828;0.059270418;
;;;;;;;;;;1533.866667;0.127188646;0.059154474;
;;;;;;;;;;1534.933333;0.127608575;0.05934154;
;;;;;;;;;;1536;0.127448495;0.059291061;
;;;;;;;;;;1537.066667;0.127551557;0.059320677;
;;;;;;;;;;1538.133333;0.127299731;0.059172141;
;;;;;;;;;;1539.2;0.127231162;0.059150195;
;;;;;;;;;;1540.266667;0.127547876;0.059202425;
;;;;;;;;;;1541.333333;0.127782143;0.059294537;
;;;;;;;;;;1542.4;0.12788034;0.05934143;
;;;;;;;;;;1543.466667;0.127368227;0.059251454;
;;;;;;;;;;1544.533333;0.127175535;0.059193917;
;;;;;;;;;;1545.6;0.127578556;0.059337118;
;;;;;;;;;;1546.666667;0.127423614;0.059247266;
;;;;;;;;;;1547.733333;0.127030803;0.059156586;
;;;;;;;;;;1548.8;0.127722688;0.059593884;
;;;;;;;;;;1549.866667;0.127629722;0.059611251;
;;;;;;;;;;1550.933333;0.127861163;0.059638128;
;;;;;;;;;;1552;0.127556584;0.059556305;
;;;;;;;;;;1553.066667;0.127402812;0.059506068;
;;;;;;;;;;1554.133333;0.127552738;0.059644545;
;;;;;;;;;;1555.2;0.127681562;0.059757626;
;;;;;;;;;;1556.266667;0.128332029;0.060083076;
;;;;;;;;;;1557.333333;0.128007269;0.060013684;
;;;;;;;;;;1558.4;0.127723398;0.059892388;
;;;;;;;;;;1559.466667;0.127576239;0.059861899;
;;;;;;;;;;1560.533333;0.12788941;0.060088134;
;;;;;;;;;;1561.6;0.127529944;0.05994593;
;;;;;;;;;;1562.666667;0.127647803;0.06003974;
;;;;;;;;;;1563.733333;0.127457901;0.059983841;
;;;;;;;;;;1564.8;0.127451443;0.059995248;
;;;;;;;;;;1565.866667;0.127450596;0.059999362;
;;;;;;;;;;1566.933333;0.127797104;0.060166029;
;;;;;;;;;;1568;0.128050485;0.060329896;
;;;;;;;;;;1569.066667;0.127670189;0.060191846;
;;;;;;;;;;1570.133333;0.127560336;0.060206475;
;;;;;;;;;;1571.2;0.12779981;0.060407578;
;;;;;;;;;;1572.266667;0.127392129;0.060132489;
;;;;;;;;;;1573.333333;0.127536772;0.059937984;
;;;;;;;;;;1574.4;0.127627816;0.059922145;
;;;;;;;;;;1575.466667;0.127675731;0.059974846;
;;;;;;;;;;1576.533333;0.12773242;0.05997877;
;;;;;;;;;;1577.6;0.127551865;0.059855372;
;;;;;;;;;;1578.666667;0.127044992;0.05964832;
;;;;;;;;;;1579.733333;0.127277148;0.059789846;
;;;;;;;;;;1580.8;0.127345073;0.059806439;
;;;;;;;;;;1581.866667;0.127205251;0.059809539;
;;;;;;;;;;1582.933333;0.127693736;0.060003752;
;;;;;;;;;;1584;0.128023312;0.060175994;
;;;;;;;;;;1585.066667;0.127721674;0.060058094;
;;;;;;;;;;1586.133333;0.127672559;0.060022025;
;;;;;;;;;;1587.2;0.127839161;0.060041735;
;;;;;;;;;;1588.266667;0.127797173;0.060033119;
;;;;;;;;;;1589.333333;0.127711141;0.059982682;
;;;;;;;;;;1590.4;0.127644418;0.059985346;
;;;;;;;;;;1591.466667;0.127130614;0.059763711;
;;;;;;;;;;1592.533333;0.12751594;0.059971464;
;;;;;;;;;;1593.6;0.127778526;0.060115541;
;;;;;;;;;;1594.666667;0.12746905;0.060088529;
;;;;;;;;;;1595.733333;0.127253065;0.059980535;
;;;;;;;;;;1596.8;0.12762652;0.060050319;
;;;;;;;;;;1597.866667;0.127454452;0.06000973;
;;;;;;;;;;1598.933333;0.127535796;0.060053007;
;;;;;;;;;;1600;0.127473815;0.059992015;
;;;;;;;;;;1601.066667;0.127451203;0.05998607;
;;;;;;;;;;1602.133333;0.127340203;0.059939722;
;;;;;;;;;;1603.2;0.127664856;0.060056786;
;;;;;;;;;;1604.266667;0.127925929;0.060170372;
;;;;;;;;;;1605.333333;0.127843379;0.060142525;
;;;;;;;;;;1606.4;0.127517972;0.059999315;
;;;;;;;;;;1607.466667;0.12781476;0.060100011;
;;;;;;;;;;1608.533333;0.127769698;0.060063772;
;;;;;;;;;;1609.6;0.127789928;0.060111279;
;;;;;;;;;;1610.666667;0.127596339;0.059972772;
;;;;;;;;;;1611.733333;0.127567568;0.059980421;
;;;;;;;;;;1612.8;0.12725248;0.059784485;
;;;;;;;;;;1613.866667;0.127824281;0.060052798;
;;;;;;;;;;1614.933333;0.127237425;0.059780038;
;;;;;;;;;;1616;0.127472085;0.059794178;
;;;;;;;;;;1617.066667;0.127372753;0.059781866;
;;;;;;;;;;1618.133333;0.12738041;0.059799286;
;;;;;;;;;;1619.2;0.127811691;0.05999753;
;;;;;;;;;;1620.266667;0.127252458;0.059775132;
;;;;;;;;;;1621.333333;0.127245345;0.059811412;
;;;;;;;;;;1622.4;0.127159666;0.059856145;
;;;;;;;;;;1623.466667;0.127317357;0.059939302;
;;;;;;;;;;1624.533333;0.127790061;0.060182604;
;;;;;;;;;;1625.6;0.127596573;0.060146886;
;;;;;;;;;;1626.666667;0.127643091;0.060045285;
;;;;;;;;;;1627.733333;0.127674104;0.060090855;
;;;;;;;;;;1628.8;0.127923527;0.060177992;
;;;;;;;;;;1629.866667;0.127527136;0.060003332;
;;;;;;;;;;1630.933333;0.127481522;0.059937168;
;;;;;;;;;;1632;0.127621819;0.06005532;
;;;;;;;;;;1633.066667;0.127374211;0.0599421;
;;;;;;;;;;1634.133333;0.127433691;0.059953598;
;;;;;;;;;;1635.2;0.12753293;0.05997363;
;;;;;;;;;;1636.266667;0.127383455;0.059872178;
;;;;;;;;;;1637.333333;0.127364134;0.059944213;
;;;;;;;;;;1638.4;0.127567516;0.060077868;
;;;;;;;;;;1639.466667;0.127319517;0.059871082;
;;;;;;;;;;1640.533333;0.127370436;0.059851686;
;;;;;;;;;;1641.6;0.127493215;0.059980984;
;;;;;;;;;;1642.666667;0.127520565;0.059955226;
;;;;;;;;;;1643.733333;0.127550261;0.060000705;
;;;;;;;;;;1644.8;0.127646865;0.060003871;
;;;;;;;;;;1645.866667;0.127645124;0.060080956;
;;;;;;;;;;1646.933333;0.127557674;0.060003048;
;;;;;;;;;;1648;0.127600423;0.060020641;
;;;;;;;;;;1649.066667;0.127695487;0.060096511;
;;;;;;;;;;1650.133333;0.127565876;0.059994838;
;;;;;;;;;;1651.2;0.127788266;0.060159029;
;;;;;;;;;;1652.266667;0.127653071;0.06011084;
;;;;;;;;;;1653.333333;0.127408494;0.059981836;
;;;;;;;;;;1654.4;0.12748982;0.060068881;
;;;;;;;;;;1655.466667;0.127851033;0.060180812;
;;;;;;;;;;1656.533333;0.127467254;0.059996321;
;;;;;;;;;;1657.6;0.127078303;0.059886764;
;;;;;;;;;;1658.666667;0.127889844;0.060271713;
;;;;;;;;;;1659.733333;0.127683764;0.060149754;
;;;;;;;;;;1660.8;0.127275755;0.059981522;
;;;;;;;;;;1661.866667;0.12728821;0.059989502;
;;;;;;;;;;1662.933333;0.127656553;0.06014805;
;;;;;;;;;;1664;0.127171639;0.059943941;
;;;;;;;;;;1665.066667;0.127202696;0.059943609;
;;;;;;;;;;1666.133333;0.127603608;0.060038583;
;;;;;;;;;;1667.2;0.1275046;0.060075479;
;;;;;;;;;;1668.266667;0.127623286;0.060125624;
;;;;;;;;;;1669.333333;0.127543725;0.060096577;
;;;;;;;;;;1670.4;0.127453784;0.060026963;
;;;;;;;;;;1671.466667;0.127418836;0.060039853;
;;;;;;;;;;1672.533333;0.127449142;0.0600645;
;;;;;;;;;;1673.6;0.12739797;0.060060741;
;;;;;;;;;;1674.666667;0.127642254;0.060177814;
;;;;;;;;;;1675.733333;0.127655304;0.060170016;
;;;;;;;;;;1676.8;0.127458035;0.060110859;
;;;;;;;;;;1677.866667;0.127600075;0.060136313;
;;;;;;;;;;1678.933333;0.127627627;0.060210077;
;;;;;;;;;;1680;0.127458197;0.060120299;
;;;;;;;;;;1681.066667;0.127644253;0.06015443;
;;;;;;;;;;1682.133333;0.127690537;0.060160438;
;;;;;;;;;;1683.2;0.127629695;0.060165075;
;;;;;;;;;;1684.266667;0.127528213;0.060206577;
;;;;;;;;;;1685.333333;0.127713667;0.06025618;
;;;;;;;;;;1686.4;0.127490726;0.060129521;
;;;;;;;;;;1687.466667;0.127566869;0.060187058;
;;;;;;;;;;1688.533333;0.126969311;0.060271024;
;;;;;;;;;;1689.6;0.127353344;0.060390987;
;;;;;;;;;;1690.666667;0.127430716;0.060334051;
;;;;;;;;;;1691.733333;0.127642997;0.060397923;
;;;;;;;;;;1692.8;0.127728974;0.060189097;
;;;;;;;;;;1693.866667;0.127689538;0.060297682;
;;;;;;;;;;1694.933333;0.127869373;0.060304464;
;;;;;;;;;;1696;0.127905325;0.060318876;
;;;;;;;;;;1697.066667;0.127602709;0.060180635;
;;;;;;;;;;1698.133333;0.127345582;0.060106554;
;;;;;;;;;;1699.2;0.127646922;0.060287807;
;;;;;;;;;;1700.266667;0.127755934;0.060288275;
;;;;;;;;;;1701.333333;0.127763282;0.060324285;
;;;;;;;;;;1702.4;0.127705492;0.060277906;
;;;;;;;;;;1703.466667;0.127669755;0.060315583;
;;;;;;;;;;1704.533333;0.127773364;0.060360978;
;;;;;;;;;;1705.6;0.127847023;0.060341435;
;;;;;;;;;;1706.666667;0.127783726;0.060293911;
;;;;;;;;;;1707.733333;0.127772174;0.060327124;
;;;;;;;;;;1708.8;0.127673976;0.060283767;
;;;;;;;;;;1709.866667;0.1279041;0.060355951;
;;;;;;;;;;1710.933333;0.127879572;0.06033334;
;;;;;;;;;;1712;0.127739278;0.060244202;
;;;;;;;;;;1713.066667;0.127672252;0.06025449;
;;;;;;;;;;1714.133333;0.127653529;0.060218614;
;;;;;;;;;;1715.2;0.127660545;0.060270823;
;;;;;;;;;;1716.266667;0.127652609;0.060298573;
;;;;;;;;;;1717.333333;0.12760344;0.060267661;
;;;;;;;;;;1718.4;0.127664334;0.060343095;
;;;;;;;;;;1719.466667;0.127916804;0.060443267;
;;;;;;;;;;1720.533333;0.127817772;0.060353435;
;;;;;;;;;;1721.6;0.127566738;0.060272257;
;;;;;;;;;;1722.666667;0.127643069;0.06032169;
;;;;;;;;;;1723.733333;0.127635419;0.060309795;
;;;;;;;;;;1724.8;0.127675438;0.060366567;
;;;;;;;;;;1725.866667;0.127688972;0.06036164;
;;;;;;;;;;1726.933333;0.127674995;0.060359509;
;;;;;;;;;;1728;0.127783989;0.060338163;
;;;;;;;;;;1729.066667;0.127635928;0.060324852;
;;;;;;;;;;1730.133333;0.127627887;0.06040573;
;;;;;;;;;;1731.2;0.127507978;0.060278357;
;;;;;;;;;;1732.266667;0.127687855;0.060363081;
;;;;;;;;;;1733.333333;0.127703601;0.060401952;
;;;;;;;;;;1734.4;0.127865102;0.06048017;
;;;;;;;;;;1735.466667;0.127733283;0.060401612;
;;;;;;;;;;1736.533333;0.12756569;0.060282822;
;;;;;;;;;;1737.6;0.127786469;0.060409583;
;;;;;;;;;;1738.666667;0.127773425;0.060408931;
;;;;;;;;;;1739.733333;0.127826165;0.060461897;
;;;;;;;;;;1740.8;0.127800544;0.060459223;
;;;;;;;;;;1741.866667;0.127641683;0.060382737;
;;;;;;;;;;1742.933333;0.127452131;0.060369519;
;;;;;;;;;;1744;0.127359888;0.060326023;
;;;;;;;;;;1745.066667;0.127456158;0.060365142;
;;;;;;;;;;1746.133333;0.127553579;0.060406053;
;;;;;;;;;;1747.2;0.127539958;0.060401778;
;;;;;;;;;;1748.266667;0.127754983;0.060445053;
;;;;;;;;;;1749.333333;0.127924632;0.060480733;
;;;;;;;;;;1750.4;0.127753941;0.060476292;
;;;;;;;;;;1751.466667;0.127696501;0.060446302;
;;;;;;;;;;1752.533333;0.127820072;0.060472107;
;;;;;;;;;;1753.6;0.128086362;0.06061566;
;;;;;;;;;;1754.666667;0.127906502;0.060580866;
;;;;;;;;;;1755.733333;0.128076071;0.060716064;
;;;;;;;;;;1756.8;0.127963605;0.060643705;
;;;;;;;;;;1757.866667;0.12787022;0.060586227;
;;;;;;;;;;1758.933333;0.127962144;0.060633244;
;;;;;;;;;;1760;0.127664752;0.060456789;
;;;;;;;;;;1761.066667;0.127613274;0.060454233;
;;;;;;;;;;1762.133333;0.127594271;0.060398579;
;;;;;;;;;;1763.2;0.127742038;0.060494921;
;;;;;;;;;;1764.266667;0.127839977;0.060524737;
;;;;;;;;;;1765.333333;0.12761229;0.060492471;
;;;;;;;;;;1766.4;0.127792448;0.060533974;
;;;;;;;;;;1767.466667;0.127802443;0.060562979;
;;;;;;;;;;1768.533333;0.12751226;0.060404558;
;;;;;;;;;;1769.6;0.127468872;0.0603714;
;;;;;;;;;;1770.666667;0.12769233;0.060431122;
;;;;;;;;;;1771.733333;0.127459589;0.060332925;
;;;;;;;;;;1772.8;0.127491085;0.060349323;
;;;;;;;;;;1773.866667;0.127742537;0.06043253;
;;;;;;;;;;1774.933333;0.127618804;0.060387275;
;;;;;;;;;;;;;